Goodwood	Acacia Park	Goodwood	Acacia Park	Cape Town	ACACIA PARK	ACACIA PARK	
Simon's Town	Admirals Kloof	Simon's Town	Admirals Kloof				
Gordons Bay	Admirals Park	Gordons Bay	Admirals Park			ADMIRALS PARK	
Matroosfontein	Adriaanse	Matroosfontein	Adriaanse			ADRIAANSE	
Helderberg	AECI			Helderberg	AECI		
Cape Town	Airlie	Cape Town	Airlie				
Tygerberg	AIRPORT			Tygerberg	AIRPORT	CAPE TOWN AIRPORT	
	AIRPORT CITY					AIRPORT CITY	
Bellville	Alf. Blv	Bellville	Alf. Blv				
Cape Town	Alphen	Cape Town	Alphen				
Durbanville	Altydgedacht	Durbanville	Altydgedacht				
North East	AMANDA GLEN			North East	AMANDA GLEN		
Bellville	Amanda Glen(Bellville)	Bellville	Amanda Glen(Bellville)			AMANDA GLEN - Bellville	
Durbanville	Amanda Glen(Durbanville)	Durbanville	Amanda Glen(Durbanville)			AMANDA GLEN - Durbanville	
Kuils River	Amandelrug	Kuils River	Amandelrug			AMANDELRUG	
Kuils River	Amandelsig	Kuils River	Amandelsig			AMANDELSIG	
Gordons Bay	Anchorage Park	Gordons Bay	Anchorage Park			ANCHORAGE PARK	
Somerset West	Andas Estate	Somerset West	Andas Estate				
	ANNANDALE					ANNANDALE	
	ANNANDALE FARM					ANNANDALE FARM	
	ANTILLES/CAYMAN BEACH					ANTILLES/CAYMAN BEACH	
Brackenfell	Arauna	Brackenfell	Arauna			ARAUNA	
	ASANDA					ASANDA	
	ASLA PARK					ASLA PARK	
Cape Flats	ATHLONE			Cape Flats	ATHLONE	ATHLONE	
Athlone	Athlone SP	Athlone	Athlone SP				
Atlantis	Atlantis Industrial	Atlantis	Atlantis Industrial			ATLANTIS INDUSTRIAL	
	ATLAS GARDENS BUSINESS PARK					ATLAS GARDENS BUSINESS PARK	
	AUDAS ESTATE					AUDAS ESTATE	
Durbanville	Aurora	Durbanville	Aurora	North East	AURORA	AURORA	
Blue Downs	Austinville	Blue Downs	Austinville			AUSTINVILLE	
Kraaifontein	Avalon Estate	Kraaifontein	Avalon Estate			AVALON ESTATE	
Elsies Rivier	Avon	Elsies Rivier	Avon			AVON	
Tygerberg	AVONDALE			Tygerberg	AVONDALE	AVONDALE	
Atlantis	Avondale SP1	Atlantis	Avondale SP1				
Parow	Avondale(Parrow)	Parow	Avondale(Parrow)				
Bellville	Avondstil	Bellville	Avondstil				
Elsies Rivier	Avonwood	Elsies Rivier	Avonwood			AVONWOOD	
North East	B.H.M			North East	B.H.M	B.H.M	
Cape Town	Bakoven	Cape Town	Bakoven				
Elsies Rivier	Balvenie	Elsies Rivier	Balvenie			BALVENIE	
Cape Town	Bantry Bay	Cape Town	Bantry Bay	Cape Town	BANTRY BAY	BANTRY BAY	
Cape Town	Barbarossa	Cape Town	Barbarossa				
Gugulethu	Barcelona	Gugulethu	Barcelona				
Khayelitsha	BARNET MOLOKWANA CORNER			Khayelitsha	BARNET MOLOKWANA CORNER	BARNET MOLOKWANA CORNER	
	BARONETCY ESTATE					BARONETCY ESTATE	
Gordons Bay	Bay Park	Gordons Bay	Bay Park				
Mitchells Plain	Bay View	Mitchells Plain	Bay View				
Simon's Town	Bay View Village	Simon's Town	Bay View Village				
Simon's Town	Bayview Heights	Simon's Town	Bayview Heights				
Hout Bay	Beach Estate	Hout Bay	Beach Estate				
Mitchells Plain	Beacon Valley	Mitchells Plain	Beacon Valley	Mitchells Plain	BEACON VALLEY	BEACON VALLEY	
Atlantis	Beaconhill	Atlantis	Beaconhill			BEACON HILL	
Parow	Beaconvale	Parow	Beaconvale	Tygerberg	BEACONVALE	BEACONVALE	
Cape Town	Bel Ombre	Cape Town	Bel Ombre				
Somerset West	Bel` Aire	Somerset West	Bel` Aire			BEL'AIRE	
Cape Flats	BELGRAVIA			Cape Flats	BELGRAVIA	BELGRAVIA	
Tygerberg	BELGRAVIA_TYGER			Tygerberg	BELGRAVIA_TYGER		
Athlone	Belgravia(Athlone)	Athlone	Belgravia(Athlone)				
Bellville	Belgravia(Bellville)	Bellville	Belgravia(Bellville)			BELGRAVIA -BELLVILLE	
Tygerberg	BELHAR			Tygerberg	BELHAR		
Belhar	Belhar 1	Belhar	Belhar 1			BELHAR EXT 1	
Belhar	Belhar 10	Belhar	Belhar 10			BELHAR EXT 10	
Belhar	Belhar 11	Belhar	Belhar 11			BELHAR EXT 11	
Belhar	Belhar 12	Belhar	Belhar 12			BELHAR EXT 12	
Belhar	Belhar 13	Belhar	Belhar 13			BELHAR EXT 13	
Belhar	Belhar 14	Belhar	Belhar 14			BELHAR EXT 14	
Belhar	Belhar 15	Belhar	Belhar 15			BELHAR EXT 15	
Belhar	Belhar 16	Belhar	Belhar 16			BELHAR EXT 16	
Belhar	Belhar 17	Belhar	Belhar 17			BELHAR EXT 17	
Belhar	Belhar 18	Belhar	Belhar 18			BELHAR EXT 18	
Belhar	Belhar 19	Belhar	Belhar 19			BELHAR EXT 19	
Belhar	Belhar 2	Belhar	Belhar 2			BELHAR EXT 2	
Belhar	Belhar 20	Belhar	Belhar 20			BELHAR EXT 20	
Belhar	Belhar 21	Belhar	Belhar 21			BELHAR EXT 21	
Belhar	Belhar 23	Belhar	Belhar 23			BELHAR EXT 23	
Belhar	Belhar 3	Belhar	Belhar 3			BELHAR EXT 3	
Belhar	Belhar 4	Belhar	Belhar 4			BELHAR EXT 4	
Belhar	Belhar 6	Belhar	Belhar 6			BELHAR EXT 6	
Belhar	Belhar 7	Belhar	Belhar 7			BELHAR EXT 7	
Belhar	Belhar 8	Belhar	Belhar 8			BELHAR EXT 8	
Belhar	Belhar 9	Belhar	Belhar 9			BELHAR EXT 9	
	BELHAR EXT 22					BELHAR EXT 22	
	BELHAR EXT 5					BELHAR EXT 5	
Belhar	Belhar N.T.	Belhar	Belhar N.T.				
	BELL GLEN					BELL GLEN	
Bellville	Bellair	Bellville	Bellair	Tygerberg	BELLAIR	BELLAIR	
Cape Town	Belle Constantia	Cape Town	Belle Constantia				
Bellville	Bellville Central	Bellville	Bellville Central	Tygerberg	BELLVILLE CBD	BELLVILLE CBD	
Bellville	Bellville Lot 1	Bellville	Bellville Lot 1				
Bellville	Bellville Lot 2	Bellville	Bellville Lot 2				
Bellville	Bellville Lot 3	Bellville	Bellville Lot 3				
Bellville	Bellville Lot 5	Bellville	Bellville Lot 5				
Bellville	Bellville Lot 6	Bellville	Bellville Lot 6				
Bellville	Bellville Park	Bellville	Bellville Park				
Bellville	Bellville South	Bellville	Bellville South	Tygerberg	BELLVILLE SOUTH	BELLVILLE SOUTH	
Bellville	Bellville South Ext 13	Bellville	Bellville South Ext 13				
Bellville	Bellville South Ext 14	Bellville	Bellville South Ext 14				
Bellville	Bellville South Industrial	Bellville	Bellville South Industrial	Tygerberg	BELLVILLE SOUTH INDUSTRIAL	BELLVILLE SOUTH INDUSTRIA	
Blackheath	Bellville Teachers' Training College	Blackheath	Bellville Teachers' Training College			BELLVILLE TEACHERS COLLEGE	
Tygerberg	BELLVILLE WASTE			Tygerberg	BELLVILLE WASTE	BELLVILLE LANDFILL	
Bellville	Bellville West	Bellville	Bellville West				
Simon's Town	Bellvue	Simon's Town	Bellvue				
Kraaifontein	Belmont Park	Kraaifontein	Belmont Park			BELMONT PARK	
Bellville	Belrail	Bellville	Belrail	Tygerberg	BELRAIL	BELRAIL	
Athlone	Belthorn Estate	Athlone	Belthorn Estate	Cape Flats	BELTHORN ESTATE	BELTHORN ESTATE	
Noordhoek	Belvedere	Noordhoek	Belvedere	Tygerberg	BELVEDERE	BELVEDERE TYGERBERG	
Somerset West	Bene	Somerset West	Bene			BENE TOWNSHIP	
	BENNO PARK					BENNO PARK	
	BERBAGO					BERBAGO	
Hout Bay	Berg-En-Dal	Hout Bay	Berg-En-Dal				
Somerset West	Bergalo	Somerset West	Bergalo				
Durbanville	Bergsig	Durbanville	Bergsig				
Cape Town	Bergvliet	Cape Town	Bergvliet	South	BERGVLIET	BERGVLIET	
Kraaifontein	Bernadino Heights	Kraaifontein	Bernadino Heights				
Bellville	Beroma	Bellville	Beroma				
Bellville	Bethanie	Bellville	Bethanie	North East	BETHANIE	BETHANIE	
Eerste Rivier	Beverley Park	Eerste Rivier	Beverley Park				
Blouberg	Big Bay	Blouberg	Big Bay	West Coast	BIG BAY	BIG BAY	
Matroosfontein	Bishop Lavis	Matroosfontein	Bishop Lavis	Tygerberg	BISHOP LAVIS	BISHOP LAVIS	
Cape Town	Bishopscourt	Cape Town	Bishopscourt	South	BISHOPSCOURT	BISHOPSCOURT	
Helderberg	BIZWENI			Helderberg	BIZWENI	BIZWENI	
	BLAAUWBERGSTRAND					BLAAUWBERGSTRAND	
Nyanga	Black City	Nyanga	Black City				
Blackheath	Blackheath SP	Blackheath	Blackheath SP			BLACKHEATH INDUSTRIA	
Bellville	Blanc Kelly	Bellville	Blanc Kelly				
Kraaifontein	Bloekombos	Kraaifontein	Bloekombos	North East	BLOEKOMBOS	BLOEKOMBOS	
Bellville	Bloemhof	Bellville	Bloemhof	North East	BLOEMHOF	BLOEMHOF	
Bellville	Blommendal	Bellville	Blommendal	Tygerberg	BLOMMENDAL	BLOMMENDAL	
Bellville	Blomtuin	Bellville	Blomtuin	Tygerberg	BLOMTUIN	BLOMTUIN	
Bellville	Blomvlei	Bellville	Blomvlei	North East	BLOMVLEI	BLOMVLEI	
South	BLOUBERG FARMS			South	BLOUBERG FARMS		
Blouberg	Blouberg Rise	Blouberg	Blouberg Rise	West Coast	BLOUBERG RISE	BLOUBERG RISE	
Blouberg	Blouberg Sands	Blouberg	Blouberg Sands	West Coast	BLOUBERG SANDS	BLOUBERG SANDS	
Blouberg	Bloubergrant	Blouberg	Bloubergrant	West Coast	BLOUBERGRANT	BLOUBERGRANT	
Blouberg	Bloubergstrand	Blouberg	Bloubergstrand	West Coast	BLOUBERGSTRAND		
	BLUE DOWNS CBD					BLUE DOWNS CBD	
Blue Downs	Blue Downs SP1	Blue Downs	Blue Downs SP1				
Blue Downs	Blue Downs SP2	Blue Downs	Blue Downs SP2				
Helderberg	BLUE DOWNS WEST			Helderberg	BLUE DOWNS WEST		
Bellville	Bo Oakdale	Bellville	Bo Oakdale	North East	BO OAKDALE	BO OAKDALE	
Khayelitsha	Bongani TR Section	Khayelitsha	Bongani TR Section	Khayelitsha	BONGANI	BONGANI	
Khayelitsha	Bongweni	Khayelitsha	Bongweni				
Kraaifontein	Bonnie Brae	Kraaifontein	Bonnie Brae			BONNIE BRAE	
Kraaifontein	Bonny Brook	Kraaifontein	Bonny Brook			BONNIE BROOK	
Athlone	Bonteheuwel	Athlone	Bonteheuwel	Tygerberg	BONTEHEUWEL	BONTEHEUWEL	
Tygerberg	BOQUINAR INDUSTRIAL AREA			Tygerberg	BOQUINAR INDUSTRIAL AREA	BOQUINAR INDUSTRIAL AREA	
Bellville	Bosbell	Bellville	Bosbell	Tygerberg	BOSBELL	BOSBELL	
	BOSKLOOF					BOSKLOOF	
Somerset West	Boskloof Eco Estate	Somerset West	Boskloof Eco Estate				
Kuils River	Bosonia	Kuils River	Bosonia				
	BOSONIA					BOSONIA	
Bellville	Boston	Bellville	Boston	Tygerberg	BOSTON	BOSTON	
	BOTFONTEIN SMALLHOLDINGS					BOTFONTEIN SMALLHOLDINGS	
Milnerton	Bothasig	Milnerton	Bothasig	Tygerberg	BOTHASIG	BOTHASIG	
	BOTTELARY SMALLHOLDINGS 1					BOTTELARY SMALLHOLDINGS 1	
	BOTTELARY SMALLHOLDINGS 2					BOTTELARY SMALLHOLDINGS 2	
Simon's Town	Boulders	Simon's Town	Boulders				
Crossroads	Boys Town	Crossroads	Boys Town				
Brackenfell	Bracken Heights	Brackenfell	Bracken Heights			BRACKEN HEIGHTS	
	BRACKENFELL CENTRAL					BRACKENFELL CENTRAL	
	BRACKENFELL COMMON					BRACKENFELL COMMON	
Brackenfell	Brackenfell Industrial	Brackenfell	Brackenfell Industrial			BRACKENFELL INDUSTRIA	
Brackenfell	Brackenfell North	Brackenfell	Brackenfell North				
	BRACKENFELL SOUTH					BRACKENFELL SOUTH	
Brackenfell	Brackenfell South 1	Brackenfell	Brackenfell South 1				
Brackenfell	Brackenfell South 2	Brackenfell	Brackenfell South 2				
Somerset West	Braeview	Somerset West	Braeview			BRAEVIEW	
	BRANDWACHT					BRANDWACHT	
Kuils River	Brandwag	Kuils River	Brandwag			BRANDWAG	
Kuils River	Brantwood	Kuils River	Brantwood			BRANTWOOD	
Blue Downs	Brentwood Park(Blue Downs)	Blue Downs	Brentwood Park(Blue Downs)	North East	BRENTWOOD PARK - Durbanville	BRENTWOOD PARK - BLUE DOWNS	
Durbanville	Brentwood Park(Durbanville)	Durbanville	Brentwood Park(Durbanville)	Helderberg	BRENTWOOD PARK_HB	BRENTWOOD PARK - Durbanville	
Bellville	Brick A Clay Blv.	Bellville	Brick A Clay Blv.				
Somerset West	Bridgebank	Somerset West	Bridgebank			BRIDGEBANK	
Athlone	Bridgetown	Athlone	Bridgetown	Cape Town	BRIDGETOWN	BRIDGETOWN	
Somerset West	Bridgewater	Somerset West	Bridgewater			BRIDGEWATER	
Somerset West	Briza	Somerset West	Briza			BRIZA	
Strand	Broadlands	Strand	Broadlands			BROADLANDS	
	BROADLANDS PARK					BROADLANDS PARK	
	BROADLANDS VILLAGE					BROADLANDS VILLAGE	
Milnerton	Brooklyn	Milnerton	Brooklyn	West Coast	BROOKLYN	BROOKLYN	
Philippi	Browns Farms	Philippi	Browns Farms				
Cape Town	Buckingham	Cape Town	Buckingham				
	BUH-REIN ESTATE					BUH-REIN ESTATE	
	BULK INPUT					BULK INPUT	
	BURGUNDY					BURGUNDY	
	BURGUNDY ESTATE					BURGUNDY ESTATE	
Helderberg	BUSINESS PARK			Helderberg	BUSINESS PARK		
Cape Town	Cafda Village	Cape Town	Cafda Village				
Blackheath	Camelot	Blackheath	Camelot			CAMELOT	
Cape Town	Camps Bay	Cape Town	Camps Bay	Cape Town	CAMPS BAY		
Cape Town	CAMPS BAY / BAKOVEN			Cape Town	CAMPS BAY / BAKOVEN	CAMPS BAY / BAKOVEN	
Somerset West	Canwick	Somerset West	Canwick				
	CAPE FARMS - DISTRICT B					CAPE FARMS - DISTRICT B	
	CAPE FARMS - DISTRICT C					CAPE FARMS - DISTRICT C	
	CAPE FARMS - DISTRICT H					CAPE FARMS - DISTRICT H	
Cape Flats	CAPE FLATS FARMS			Cape Flats	CAPE FLATS FARMS		
	CAPE GATE					CAPE GATE	
Cape Metro	Cape Metro NU1	Cape Metro	Cape Metro NU1				
Cape Metro	Cape Metro NU2	Cape Metro	Cape Metro NU2				
Cape Metro	Cape Metro NU3	Cape Metro	Cape Metro NU3				
Cape Town	Cape Peninsula National Park	Cape Town	Cape Peninsula National Park				
Cape Town		Cape Town	Cape Town CBD	Cape Town	CAPE TOWN CITY CENTRE	CAPE TOWN CITY CENTRE	Cape Town City
Cape Town	Cape Town NO_CATEGORY			Cape Town	NO_CATEGORY		
Noordhoek	Capri	Noordhoek	Capri	South	CAPRI	CAPRI	
Muizenberg	Capricorn	Muizenberg	Capricorn				
Somerset West	Carey Parks	Somerset West	Carey Parks			CAREY PARK	
	CARWICK					CARWICK	
Castle Rock	Castle Rock SP	Castle Rock	Castle Rock SP	South	CASTLE ROCK	CASTLE ROCK	
Cape Town	Cecilia State Forest	Cape Town	Cecilia State Forest				
Helderberg	CENTRAL			Helderberg	CENTRAL		
Milnerton	Century City	Milnerton	Century City	West Coast	CENTURY CITY	CENTURY CITY	
Brackenfell	Chamonix	Brackenfell	Chamonix				
Bellville	Chantecler	Bellville	Chantecler	North East	CHANTECLER	CHANTECLER	
Noordhoek	Chapmans Peak	Noordhoek	Chapmans Peak				
Matroosfontein	Charlesville	Matroosfontein	Charlesville	Tygerberg	CHARLESVILLE	CHARLESVILLE	
Somerset West	Cherrywood Gardens	Somerset West	Cherrywood Gardens				
	CHRIS HANI PARK					CHRIS HANI PARK	
	CHRIS NISSEN PARK					CHRIS NISSEN PARK	
Bellville	Chrismar	Bellville	Chrismar	Tygerberg	CHRISMAR	CHRISMAR	
Somerset West	Chrisnissen Village	Somerset West	Chrisnissen Village				
Parow	Churchill Estate	Parow	Churchill Estate	Tygerberg	CHURCHILL ESTATE	CHURCHILL ESTATE	
City of Cape Town NU	City of Cape Town NU	City of Cape Town NU	City of Cape Town NU				
Eerste Rivier	Clairwood	Eerste Rivier	Clairwood				
Parow	Clamhall	Parow	Clamhall	Tygerberg	CLAMHALL	CLAMHALL	
Cape Town	Claremont	Cape Town	Claremont	South	CLAREMONT	CLAREMONT	
Matroosfontein	Clarkes	Matroosfontein	Clarkes			CLARKES ESTATE	
Cape Town	Clifton	Cape Town	Clifton	Cape Town	CLIFTON	CLIFTON	
Fish Hoek	Clovelly	Fish Hoek	Clovelly	South	CLOVELLY	CLOVELLY	
Mitchells Plain	Colorado	Mitchells Plain	Colorado			COLORADO PARK	
Cape Town	Coniston Park	Cape Town	Coniston Park				
Parow	Connaught	Parow	Connaught			CONNAUGHT	
Cape Town	Constantia	Cape Town	Constantia	South	CONSTANTIA	CONSTANTIA	Constancia
Cape Town	Constantia Heights	Cape Town	Constantia Heights				
Cape Town	Constantia Vale	Cape Town	Constantia Vale				
Cape Town	Constantia Village	Cape Town	Constantia Village				
Muizenberg	Costa Da Gama	Muizenberg	Costa Da Gama				
Durbanville	Country Places	Durbanville	Country Places				
	CPUT					CPUT	
Parow	Cravenby	Parow	Cravenby			CRAVENBY	
Cape Town	Crawford	Cape Town	Crawford	Cape Flats	CRAWFORD	CRAWFORD	
Noordhoek	Crofters Valley	Noordhoek	Crofters Valley				
Crossroads	Crossroads SP	Crossroads	Crossroads SP	Cape Town	CROSSROADS	CROSSROADS	
Mitchells Plain	CROSSROADS_KHAYA			Mitchells Plain	CROSSROADS_KHAYA		
Macassar	Croydon	Macassar	Croydon			CROYDON	
	CROYDON OLIVE ESTATE					CROYDON OLIVE ESTATE	
	CROYDON VINEYARD ESTATE					CROYDON VINEYARD ESTATE	
Cape Town	CT_UNKNOWN			Cape Town	CT_UNKNOWN		
Durbanville	D`urbanvale	Durbanville	D`urbanvale	North East	D'URBANVALE	D'URBANVALE	
Simon's Town	Da Gama Park	Simon's Town	Da Gama Park				
Blackheath	Danarand	Blackheath	Danarand			DANARAND	
Bellville	Danena	Bellville	Danena				
Bellville	De Bron	Bellville	De Bron				
Parow	De Duin	Parow	De Duin	Tygerberg	DE DUIN	DE DUIN	
	DE GRENDEL FARM					DE GRENDEL FARM	
Kuils River	De Kuilen	Kuils River	De Kuilen			DE KUILEN	
	DE LA HAYE					DE LA HAYE	
Brackenfell	De Oude Spruit	Brackenfell	De Oude Spruit			DE OUDE SPRUIT	
Parow	De Tijger	Parow	De Tijger	Tygerberg	DE TIJGER	DE TIJGER	
Brackenfell	De Tuin	Brackenfell	De Tuin				
	DE VELDE					DE VELDE	
Cape Town	De Waterkant	Cape Town	De Waterkant				
Kuils River	De Wijnlanden	Kuils River	De Wijnlanden			DE WIJNLANDEN ESTATE	
Durbanville	De Wingerd	Durbanville	De Wingerd				
	DEACONVILLE					DEACONVILLE	
	DEEPFREEZE					DEEPFREEZE	
Tygerberg	DELFT			Tygerberg	DELFT		
	DELFT 1 & 2					DELFT 1 & 2	
	DELFT 3					DELFT 3	
	DELFT 4					DELFT 4	
	DELFT 5					DELFT 5	
	DELFT 6					DELFT 6	
	DELFT 7					DELFT 7	
	DELFT 8					DELFT 8	
	DELFT 9					DELFT 9	
Delft	Delft South	Delft	Delft South			DELFT SOUTH	
Delft	Delft SP	Delft	Delft SP				
Blue Downs	Delro	Blue Downs	Delro			DELRO VILLAGE	
Somerset West	Dennegeur	Somerset West	Dennegeur			DENNEGEUR	
Blue Downs	Dennemere	Blue Downs	Dennemere			DENNEMERE	
Cape Town	Dennendal	Cape Town	Dennendal				
	DEO GRACIA					DEO GRACIA	
	DES HAMPDEN					DES HAMPDEN	
Kuils River	Des Hampton	Kuils River	Des Hampton				
Cape Town	Deurdrif	Cape Town	Deurdrif				
Cape Town	Devil's Peak Estate	Cape Town	Devil's Peak Estate				
Eerste Rivier	Devon Park	Eerste Rivier	Devon Park				
Eerste Rivier	Devon Park Village	Eerste Rivier	Devon Park Village				
Strand	Die Bos	Strand	Die Bos				
Somerset West	Die Wingerd	Somerset West	Die Wingerd			DIE WINGERD	
Cape Town	Diep River	Cape Town	Diep River				
South	DIEPRIVER			South	DIEPRIVER	DIEPRIVER	
Blue Downs	Diepwater	Blue Downs	Diepwater				
Gordons Bay	Dobson	Gordons Bay	Dobson			DOBSON	
Bellville	Door De Kraal	Bellville	Door De Kraal	North East	DOOR DE KRAAL	DOOR DE KRAAL	
North East	DOOR DE KRAAL FARM			North East	DOOR DE KRAAL FARM	DOOR DE KRAAL FARM	
Blouberg	Doornbach	Blouberg	Doornbach				
Somerset West	Dorhill	Somerset West	Dorhill			DORHILL	
	DREAMWORLD					DREAMWORLD	
Cape Town	Dreyersdal	Cape Town	Dreyersdal				
Helderberg	DRIFTSANDS			Helderberg	DRIFTSANDS	DRIFTSANDS	
Khayelitsha	DRIFTSANDS & SA DEFENCE FORCE			Khayelitsha	DRIFTSANDS & SA DEFENCE FORCE		
Khayelitsha	DRIFTSANDS_KHAYA			Khayelitsha	DRIFTSANDS_KHAYA		
Kuils River	Drosdy Park	Kuils River	Drosdy Park				
Blouberg	Dunoon	Blouberg	Dunoon	West Coast	DUNOON	DUNOON	
Blouberg	Dunoon School Site Informal	Blouberg	Dunoon School Site Informal				
Bellville	Dunrobin	Bellville	Dunrobin	Tygerberg	DUNROBIN	DUNROBIN	
Durbanville	Durbanville Ext37	Durbanville	Durbanville Ext37				
Durbanville	Durbanville Hills	Durbanville	Durbanville Hills	North East	DURBANVILLE HILLS	DURBANVILLE HILLS	
North East	DURBANVILLE MEADOWS			North East	DURBANVILLE MEADOWS	DURBANVILLE MEADOWS	
Durbanville	Durbanville SP	Durbanville	Durbanville SP	North East	DURBANVILLE	DURBANVILLE	
Durbanville	Durbell	Durbanville	Durbell	North East	DURBELL	DURBELL	
Durbanville	Durmonte	Durbanville	Durmonte	North East	DURMONTE	DURMONTE	
Melkbosstrand	Duynefontein	Melkbosstrand	Duynefontein				
Cape Town	EAGLE PARK			Cape Town	EAGLE PARK	EAGLE PARK	
Cape Town	Eagles Nest	Cape Town	Eagles Nest				
Bellville	East Rock	Bellville	East Rock				
Mitchells Plain	Eastridge	Mitchells Plain	Eastridge	Mitchells Plain	EASTRIDGE	EASTRIDGE	
Cape Town	Eden Klein	Cape Town	Eden Klein				
Brackenfell	Edenpark	Brackenfell	Edenpark			EDENPARK	
Milnerton	Edgemead	Milnerton	Edgemead	Tygerberg	EDGEMEAD	EDGEMEAD	
Cape Town	Edward	Cape Town	Edward				
	EENSGEVONDEN					EENSGEVONDEN	
	EERSTERIVIER					EERSTERIVIER	
Helderberg	EERSTERIVIER INDUSTRIA			Helderberg	EERSTERIVIER INDUSTRIA	EERSTERIVIER INDUSTRIA	
	EERSTERIVIER SOUTH					EERSTERIVIER SOUTH	
Kuils River	Eikenbosch	Kuils River	Eikenbosch			EIKENBOSCH KUILS RIVER	
Kraaifontein	Eikendal	Kraaifontein	Eikendal			EIKENDAL	
Delft	Eindhoven	Delft	Eindhoven			EINDHOVEN	
Khayelitsha	Ekuphumleni	Khayelitsha	Ekuphumleni	Khayelitsha	EKUPHUMULENI	EKUPHUMULENI	
Eerste Rivier	Electric City	Eerste Rivier	Electric City			ELECTRIC CITY	
Cape Town	Elfindale	Cape Town	Elfindale	South	ELFINDALE	ELFINDALE	
Kuils River	Elim	Kuils River	Elim			ELIM	
	ELNOR					ELNOR	
Elsies Rivier	Elsies River Industrial	Elsies Rivier	Elsies River Industrial	Tygerberg	ELSIES RIVER INDUSTRIAL	ELSIES RIVER INDUSTRIA	
Elsies Rivier	Elsies Rivier	Elsies Rivier	Elsies Rivier	Tygerberg	ELSIES RIVER	ELSIES RIVER	
	ENDLOVINI INFORMAL SETTLEMENT					ENDLOVINI INFORMAL SETTLEMENT	
Khayelitsha	ENKANINI INFORMAL SETTLEMENT			Khayelitsha	ENKANINI INFORMAL SETTLEMENT	ENKANINI INFORMAL SETTLEMENT	
Tygerberg	EPPING			Tygerberg	EPPING		
Elsies Rivier	Epping Forest	Elsies Rivier	Epping Forest			EPPING FOREST	
Goodwood	Epping Garden Village	Goodwood	Epping Garden Village				
	EPPING INDUSTRIA 2					EPPING INDUSTRIA 2	
Epping Industria	Epping Industria SP1	Epping Industria	Epping Industria SP1	Cape Town	EPPING INDUSTRIA 1	EPPING INDUSTRIA 1	
Belhar	Erica Township	Belhar	Erica Township				
Somerset West	Erinvale Golf Estate	Somerset West	Erinvale Golf Estate			ERINVALE ESTATE	
Parow	Eureka	Parow	Eureka			EUREKA ESTATE	
Gugulethu	Europe	Gugulethu	Europe				
Durbanville	Everglen	Durbanville	Everglen	North East	EVERGLEN	EVERGLEN	
	EVERITE INDUSTRIA					EVERITE INDUSTRIA	
North East	EVERSDAL			North East	EVERSDAL		
Durbanville	Eversdal A (Durbanville)	Durbanville	Eversdal A (Durbanville)			EVERSDAL - Durbanville	
Bellville	Eversdal Ext 21	Bellville	Eversdal Ext 21				
Durbanville	Eversdal Heights	Durbanville	Eversdal Heights	North East	EVERSDAL HEIGHTS	EVERSDAL HEIGHTS	
Bellville	Eversdal(Bellville)	Bellville	Eversdal(Bellville)			EVERSDAL - Bellville	
Khayelitsha	EYETHU			Khayelitsha	EYETHU	EYETHU	
Noordhoek	Faerie Knowe	Noordhoek	Faerie Knowe				
Blue Downs	Fairdale	Blue Downs	Fairdale			FAIRDALE	
Parow	Fairfield Estate	Parow	Fairfield Estate	Tygerberg	FAIRFIELD ESTATE	FAIRFIELD ESTATE	
Gordons Bay	Fairview Golf Estate	Gordons Bay	Fairview Golf Estate			FAIRVIEW GOLF ESTATE	
Somerset West	Fairview Heights	Somerset West	Fairview Heights				
Cape Town	Fairways	Cape Town	Fairways				
Cape Town	FALSE BAY COASTAL PARK			Cape Town	FALSE BAY COASTAL PARK	FALSE BAY COASTAL PARK	
Helderberg	FAURE_Oost			Helderberg	FAURE_Oost	FAURE	
Brackenfell	Ferndale	Brackenfell	Ferndale			FERNDALE	
Cape Town	Ferness	Cape Town	Ferness				
	FERNWOOD					FERNWOOD	
Cape Town	Fir Grove	Cape Town	Fir Grove				
Somerset West	Firgrove	Somerset West	Firgrove	Helderberg	FIRGROVE	FIRGROVE	
Somerset West	Firgrove Rural	Somerset West	Firgrove Rural			FIRGROVE RURAL	
Strand	Firlands SH	Strand	Firlands SH			FIRLANDS	
North East	FISANTEKRAAL			North East	FISANTEKRAAL	FISANTEKRAAL	
	FISANTEKRAAL INDUSTRIAL					FISANTEKRAAL INDUSTRIAL	
Fish Hoek	Fish Hoek SP	Fish Hoek	Fish Hoek SP	South	FISH HOEK	FISH HOEK	
Fistantekraal	Fistantekraal Informal	Fistantekraal	Fistantekraal Informal				
Fistantekraal	Fistantekraal SP	Fistantekraal	Fistantekraal SP				
Blouberg	Flamingo Vlei	Blouberg	Flamingo Vlei	West Coast	FLAMINGO VLEI	FLAMINGO VLEI	
Parow	Florida	Parow	Florida	Tygerberg	FLORIDA	FLORIDA	
Athlone	Forbes	Athlone	Forbes				
Cape Town	Foreshore	Cape Town	Foreshore	Cape Town	FORESHORE	FORESHORE	
Blue Downs	Forest Glade(Blue Downs)	Blue Downs	Forest Glade(Blue Downs)				
Cape Town	Forest GladeTokai)	Cape Town	Forest GladeTokai)				
Blue Downs	Forest Heights	Blue Downs	Forest Heights			FOREST HEIGHTS	
Eerste Rivier	Forest Village	Eerste Rivier	Forest Village			FOREST VILLAGE	
Blue Downs	Fountain Village	Blue Downs	Fountain Village			FOUNTAIN VILLAGE	
Somerset West	Fraai Gelegen	Somerset West	Fraai Gelegen			FRAAIGELEGEN	
Durhamville	Frankdale	Durhamville	Frankdale				
Matroosfontein	Freedom Park Airport	Matroosfontein	Freedom Park Airport				
Cape Town	Frere Estate	Cape Town	Frere Estate				
Cape Town	Fresnaye	Cape Town	Fresnaye	Cape Town	FRESNAYE	FRESNAYE	
Simon's Town	Froggy Farm	Simon's Town	Froggy Farm				
Strand	Gants Plaza	Strand	Gants Plaza			GANTS PARK	
Somerset West	Garden Village	Somerset West	Garden Village				
	GARDEN VILLAGE					GARDEN VILLAGE	
Cape Town	Gardens	Cape Town	Gardens	Cape Town	GARDENS_CT	GARDENS	
Athlone	Gatesville	Athlone	Gatesville	Cape Town	GATESVILLE	GATESVILLE	
Athlone	Gatesville Informal	Athlone	Gatesville Informal				
Blue Downs	Gaylee	Blue Downs	Gaylee			GAYLEE	
	GEORGE PARK					GEORGE PARK	
Blackheath	Gersham	Blackheath	Gersham			GERSHAM	
Athlone	Gleemoor	Athlone	Gleemoor				
Cape Town	Glen Alpine	Cape Town	Glen Alpine				
Bellville	Glen Ive	Bellville	Glen Ive				
Simon's Town	Glen Marine	Simon's Town	Glen Marine				
Simon's Town	Glen Ridge	Simon's Town	Glen Ridge				
Cape Town	Glen Valley	Cape Town	Glen Valley				
Cape Town	Glen View	Cape Town	Glen View				
Simon's Town	Glencairn	Simon's Town	Glencairn	South	GLENCAIRN	GLENCAIRN	
Simon's Town	Glencairn Heights	Simon's Town	Glencairn Heights				
Bellville	Glenhaven	Bellville	Glenhaven	Tygerberg	GLENHAVEN	GLENHAVEN	
Parow	Glenlily	Parow	Glenlily	Tygerberg	GLENLILY	GLENLILY	
Goodwood	Glenwood	Goodwood	Glenwood			GLENWOOD	
Strand	Goede Hoop	Strand	Goede Hoop			GOEDE HOOP	
Noordhoek	Goedehoop Estate	Noordhoek	Goedehoop Estate			GOEDEHOOP	
Durbanville	Goedgemoed	Durbanville	Goedgemoed	North East	GOEDEMOED	GOEDEMOED	
Somerset West	Golden Acre	Somerset West	Golden Acre			GOLDEN ACRE	
Somerset West	Golden Hill	Somerset West	Golden Hill			GOLDEN HILL EXT 1	
Tygerberg	GOLF COURSE			Tygerberg	GOLF COURSE		
	GOLIATH ESTATE					GOLIATH ESTATE	
Khayelitsha	GOOD HOPE			Khayelitsha	GOOD HOPE	GOOD HOPE	
	GOODRAIL					GOODRAIL	
	GOODWOOD  EXT 1					GOODWOOD  EXT 1	
Goodwood	Goodwood Estate	Goodwood	Goodwood Estate			GOODWOOD ESTATE	
	GORDON HEIGHTS					GORDON HEIGHTS	
Helderberg	GORDON STRAND			Helderberg	GORDON STRAND		
	GORDONS BAY EXT 12					GORDONS BAY EXT 12	
Gordons Bay	Gordons Bay SP	Gordons Bay	Gordons Bay SP	Helderberg	GORDON'S BAY	GORDONS BAY	
	GORDONS BAY VILLAGE					GORDONS BAY VILLAGE	
	GORDONS STRAND ESTATE					GORDONS STRAND ESTATE	
Crossroads	Gqobasi Informal	Crossroads	Gqobasi Informal				
Durbanville	Graanendal	Durbanville	Graanendal			GRAANENDAL	
Khayelitsha	Graceland	Khayelitsha	Graceland	Khayelitsha	GRACELAND	GRACELAND	
Bellville	Grahamdale	Bellville	Grahamdale				
Grassy Park	Grassy Park SP	Grassy Park	Grassy Park SP	Cape Flats	GRASSY PARK	GRASSY PARK	
Cape Town	Graylands	Cape Town	Graylands				
Cape Town	Green Point	Cape Town	Green Point	Cape Town	GREEN POINT_CT	GREEN POINT	
Blue Downs	Greenfield	Blue Downs	Greenfield			GREENFIELDS	
Tygerberg	GREENLANDS			Tygerberg	GREENLANDS	GREENLANDS	
	GREENVILLE GARDEN CITY					GREENVILLE GARDEN CITY	
Somerset West	Greenway Rise	Somerset West	Greenway Rise				
Strand	Greenways	Strand	Greenways			GREENWAYS	
Khayelitsha	Griffiths Mxenge	Khayelitsha	Griffiths Mxenge	Khayelitsha	GRIFFITHS MXENGE		
Bellville	Groenvallei	Bellville	Groenvallei	Tygerberg	GROENVALLEI	GROENVALLEI	
Gugulethu	Gugulethu SP	Gugulethu	Gugulethu SP	Cape Flats	GUGULETU	GUGULETU	
Strand	Guldenland	Strand	Guldenland				
Strand	Gustrow	Strand	Gustrow				
	HAASENDAL					HAASENDAL	
	HAGLEY					HAGLEY	
Blackheath	Hagley 1	Blackheath	Hagley 1				
Blackheath	Hagley 3	Blackheath	Hagley 3				
Durbanville	Halali	Durbanville	Halali				
Athlone	Hanover Park	Athlone	Hanover Park	Cape Town	HANOVER PARK	HANOVER PARK	
Blackheath	Happy Valley	Blackheath	Happy Valley			HAPPY VALLEY	
Khayelitsha	Harare/Holimisa	Khayelitsha	Harare/Holimisa	Khayelitsha	HARARE	HARARE	
Simon's Town	Harbour Heights	Simon's Town	Harbour Heights				
Gordons Bay	Harbour Island	Gordons Bay	Harbour Island			HARBOUR ISLAND	
Tygerberg	HARDEKRAALTJIE			Tygerberg	HARDEKRAALTJIE	HARDEKRAALTJIE	
	HARMONY VILLAGE					HARMONY VILLAGE	
Bellville	Harry De Villiers	Bellville	Harry De Villiers				
Athlone	Hatton	Athlone	Hatton	Cape Flats	HATTON	HATTON	
Somerset West	Haumannshof	Somerset West	Haumannshof				
Cape Town	HAZENDAL			Cape Town	HAZENDAL	HAZENDAL	
Athlone	Hazendal(Athlone)	Athlone	Hazendal(Athlone)				
Kuils River	Hazendal(Kuis River)	Kuils River	Hazendal(Kuis River)				
Helderberg	HBERG FARMS			Helderberg	HBERG FARMS		
	HEARTLAND BEACH ROAD PRECINCT					HEARTLAND BEACH ROAD PRECINCT	
	HEARTLAND HISTORIC PRECINCT					HEARTLAND HISTORIC PRECINCT	
Eerste Rivier	Heather Park	Eerste Rivier	Heather Park				
Cape Town	Heathfield	Cape Town	Heathfield	South	HEATHFIELD	HEATHFIELD	
South	HEATHFIELD_SP			South	HEATHFIELD_SP		
Bellville	Heemstede	Bellville	Heemstede	Tygerberg	HEEMSTEDE	HEEMSTEDE	
Athlone	Heideveld	Athlone	Heideveld	Cape Flats	HEIDEVELD	HEIDEVELD	
Philippi	Heinz Park	Philippi	Heinz Park				
Helderberg	HELD_UNKNOWN			Helderberg	HELD_UNKNOWN		
Somerset West	Helderberg	Somerset West	Helderberg				
Somerset West	Helderberg Estate	Somerset West	Helderberg Estate			HELDERBERG ESTATE	
	HELDERBERG INDUSTRIAL PARK					HELDERBERG INDUSTRIAL PARK	
Helderberg Nature Reserve	Helderberg Nature Reserve SP	Helderberg Nature Reserve	Helderberg Nature Reserve SP				
Helderberg	Helderberg NO_CATEGORY			Helderberg	NO_CATEGORY		
Strand	Helderberg Park	Strand	Helderberg Park			HELDERBERG PARK	
Somerset West	Helderberg Rural	Somerset West	Helderberg Rural			HELDERBERG RURAL	
Somerset West	Helderberg Village	Somerset West	Helderberg Village			HELDERBERG VILLAGE	
Somerset West	Helderrand	Somerset West	Helderrand			HELDERRANT	
Somerset West	Heldervue	Somerset West	Heldervue	Helderberg	HELDERVUE	HELDERVUE	
Somerset West	Helderzicht	Somerset West	Helderzicht			HELDERZICHT	
Somerset West	Helena Heights	Somerset West	Helena Heights	Helderberg	HELENA HEIGHTS	HELENA HEIGHTS	
Hout Bay	Helgarda Estate	Hout Bay	Helgarda Estate				
Somerset West	Heritage Mews	Somerset West	Heritage Mews				
Somerset West	Heritage Park	Somerset West	Heritage Park			HERITAGE PARK	
Eerste Rivier	High Places	Eerste Rivier	High Places				
	HIGH RIDING					HIGH RIDING	
Blackheath	Highbury	Blackheath	Highbury			HIGHBURY	
Blackheath	Highbury Park	Blackheath	Highbury Park			HIGHBURY PARK	
Blue Downs	Highgate	Blue Downs	Highgate			HIGHGATE	
	HIGHLANDS VILLAGE					HIGHLANDS VILLAGE	
	HIGHVELD					HIGHVELD	
Blue Downs	Hill View	Blue Downs	Hill View				
Blue Downs	Hillcrest Heights	Blue Downs	Hillcrest Heights			HILLCREST HEIGHTS	
Bellville	Hillrise	Bellville	Hillrise				
Blue Downs	Hindle Park	Blue Downs	Hindle Park			HINDLE PARK	
Bellville	Hoheizen	Bellville	Hoheizen	North East	HOHEIZEN	HOHEIZEN	
Brackenfell	Hoogstede	Brackenfell	Hoogstede			HOOGSTEDE	
Cape Town	Hope of Constantia	Cape Town	Hope of Constantia				
Eerste Rivier	Houghton	Eerste Rivier	Houghton				
Hout Bay	Hout Bay SP	Hout Bay	Hout Bay SP	South	HOUT BAY	HOUT BAY	
Cape Town	Huis-In-Bos	Cape Town	Huis-In-Bos				
	HUMANSHOF					HUMANSHOF	
Durbanville	Hume	Durbanville	Hume				
	HUNTERS CREEK					HUNTERS CREEK	
	HYDE PARK					HYDE PARK	
Khayelitsha	IIITHA PARK			Khayelitsha	IIITHA PARK		
Khayelitsha	Ikwezi Park	Khayelitsha	Ikwezi Park	Mitchells Plain	IKWEZI PARK	IKWEZI PARK	
Khayelitsha	ILITHA PARK			Khayelitsha	ILITHA PARK	ILITHA PARK	
Somerset West	Illaire	Somerset West	Illaire			ILLAIRE	
Kommetjie	Imhofs Gift	Kommetjie	Imhofs Gift				
Imizamo Yethu	Imizamo Yethu SP	Imizamo Yethu	Imizamo Yethu SP				
	JACARANDAS					JACARANDAS	
	JACOBSDAL SMALLHOLDINGS					JACOBSDAL SMALLHOLDINGS	
Somerset West	Jacques Hill	Somerset West	Jacques Hill			JACQUES HILL	
Kuils River	Jagtershof	Kuils River	Jagtershof			JAGTERSHOF	
	JAN KRIEL					JAN KRIEL	
Milnerton	Joe Slovo Park	Milnerton	Joe Slovo Park	West Coast	JOE SLOVO PARK	JOE SLOVO PARK	
Somerset West	Jonkershoogte	Somerset West	Jonkershoogte			JONKERS HOOGTE	
Kraaifontein	Joostenberg Vlakte SH	Kraaifontein	Joostenberg Vlakte SH			JOOSTENBERGVLAKTE SMALLHOLDINGS	
Bellville	Joostenville	Bellville	Joostenville				
Tygerberg	JOUBERTPARK			Tygerberg	JOUBERTPARK	JOUBERTPARK	
Bellville	Joubertsingel	Bellville	Joubertsingel				
Brackenfell	Kaapsig	Brackenfell	Kaapsig			KAAPSIG	
Parow	Kaapzicht	Parow	Kaapzicht	Tygerberg	KAAPZICHT	KAAPZICHT	
Somerset West	Kalamunda	Somerset West	Kalamunda				
Cape Town	Kalk Bay	Cape Town	Kalk Bay	South	KALK BAY	KALK BAY	
Blackheath	Kalkfontein 1	Blackheath	Kalkfontein 1			KALKFONTEIN 1	
Blackheath	Kalkfontein 2	Blackheath	Kalkfontein 2			KALKFONTEIN II	
Matroosfontein	Kalksteenfontein	Matroosfontein	Kalksteenfontein	Tygerberg	KALKSTEENFONTEIN	KALKSTEENFONTEIN	
Gugulethu	Kanana	Gugulethu	Kanana				
Bellville	Kanonberg	Bellville	Kanonberg	North East	KANONBERG	KANONBERG	
	KATAMUDA					KATAMUDA	
	KELDERHOF					KELDERHOF	
Bellville	Kempenville	Bellville	Kempenville	Tygerberg	KEMPENVILLE	KEMPENVILLE	
Durbanville	Kenever	Durbanville	Kenever				
Cape Town	Kenilworth	Cape Town	Kenilworth	South	KENILWORTH	KENILWORTH	
North East	KENRIDGE			North East	KENRIDGE		
	KENRIDGE - Bellville					KENRIDGE - Bellville	
	KENRIDGE - Durbanville					KENRIDGE - Durbanville	
Bellville	Kenridge 1	Bellville	Kenridge 1				
Durbanville	Kenridge 2	Durbanville	Kenridge 2				
Durbanville	Kenridge 3	Durbanville	Kenridge 3				
Durbanville	Kenridge Heights	Durbanville	Kenridge Heights				
Cape Town	Kensington	Cape Town	Kensington	Cape Town	KENSINGTON	KENSINGTON	
Athlone	Kewtown	Athlone	Kewtown	Cape Flats	KEWTOWN	KEWTOWN	
Khayelitsha	KHAYA			Khayelitsha	KHAYA	KHAYA	
Khayelitsha	Khayelitsha NO_CATEGORY			Khayelitsha	NO_CATEGORY		
Khayelitsha	Khayelitsha SP	Khayelitsha	Khayelitsha SP			KHAYELITSHA	
Khayelitsha	Khayelitsha T2-V2b	Khayelitsha	Khayelitsha T2-V2b				
Khayelitsha	Khayelitsha T3-V2	Khayelitsha	Khayelitsha T3-V2				
Khayelitsha	Khayelitsha T3-V3	Khayelitsha	Khayelitsha T3-V3				
Khayelitsha	Khayelitsha T3-V4	Khayelitsha	Khayelitsha T3-V4				
Khayelitsha	Khayelitsha T3-V5	Khayelitsha	Khayelitsha T3-V5				
West Coast	KILLARNEY GARDENS			West Coast	KILLARNEY GARDENS	KILLARNEY GARDENS	
Matroosfontein	King David Country Club	Matroosfontein	King David Country Club			KING DAVID COUNTRY CLUB	
Bellville	Kingston	Bellville	Kingston			KINGSTON	
Cape Town	Kirstenbosch National Botanical Gardens	Cape Town	Kirstenbosch National Botanical Gardens				
Cape Town	Kirstenhof	Cape Town	Kirstenhof	South	KIRSTENHOF	KIRSTENHOF	
Brackenfell	Klaradyn Retirement Village	Brackenfell	Klaradyn Retirement Village				
Kraaifontein	Klein Begin	Kraaifontein	Klein Begin				
Kraaifontein	Klein Begin informal	Kraaifontein	Klein Begin informal				
Durbanville	Klein Nederburg	Durbanville	Klein Nederburg				
Kommetjie	Klein Slangkop	Kommetjie	Klein Slangkop				
	KLEIN ZEVENWACHT					KLEIN ZEVENWACHT	
	KLEINBEGIN					KLEINBEGIN	
Parow	Kleinbosch	Parow	Kleinbosch	Tygerberg	KLEINBOSCH	KLEINBOSCH	
Brackenfell	Kleinbron	Brackenfell	Kleinbron			KLEINBRON	
Brackenfell	Kleinbron Estate	Brackenfell	Kleinbron Estate				
Melkbosstrand	Kleine Zout Rivier AH	Melkbosstrand	Kleine Zout Rivier AH				
Blue Downs	Kleinvlei	Blue Downs	Kleinvlei			KLEINVLEI TOWN	
Kuils River	Klipdam	Kuils River	Klipdam			KLIPDAM	
Crossroads	Klipfontein Glebe	Crossroads	Klipfontein Glebe				
North East	KLIPHEUWEL HOUSING SCHEME			North East	KLIPHEUWEL HOUSING SCHEME	KLIPHEUWEL HOUSING SCHEME	
Klipheuwel	Klipheuwel SP	Klipheuwel	Klipheuwel SP	North East	KLIPHEUWEL		
Parow	Klipkop	Parow	Klipkop	Tygerberg	KLIPKOP	KLIPKOP	
	KLOOFZICHT					KLOOFZICHT	
Philippi	Knole Park	Philippi	Knole Park				
Noordhoek	Kommetjie Estates	Noordhoek	Kommetjie Estates				
Kommetjie	Kommetjie SP	Kommetjie	Kommetjie SP	South	KOMMETJIE	KOMMETJIE	
Philippi	Kosovo Informal	Philippi	Kosovo Informal				
Kraaifontein	Kraaifontein AH	Kraaifontein	Kraaifontein AH	North East	KRAAIFONTEIN	KRAAIFONTEIN	
	KRAAIFONTEIN EAST					KRAAIFONTEIN EAST	
Kraaifontein	Kraaifontein East 1	Kraaifontein	Kraaifontein East 1				
Kraaifontein	Kraaifontein East 2	Kraaifontein	Kraaifontein East 2				
Kraaifontein	Kraaifontein East 3	Kraaifontein	Kraaifontein East 3				
Kraaifontein	Kraaifontein East Informal	Kraaifontein	Kraaifontein East Informal				
Kraaifontein	Kraaifontein Ext17	Kraaifontein	Kraaifontein Ext17				
Kraaifontein	Kraaifontein Industrial	Kraaifontein	Kraaifontein Industrial	North East	KRAAIFONTEIN INDUSTRIA	KRAAIFONTEIN INDUSTRIA	
Hout Bay	Kronenzicht	Hout Bay	Kronenzicht				
Nyanga	KTC Informal	Nyanga	KTC Informal				
Kuils River	Kuils River Estate	Kuils River	Kuils River Estate				
Kuils River	Kuils River SH	Kuils River	Kuils River SH				
Kuils River	Kuils River SP	Kuils River	Kuils River SP			KUILS RIVER COMMON	
	KUILS RIVER SPORTS GROUNDS					KUILS RIVER SPORTS GROUNDS	
	KUILSRIVIER GOLF COURSE					KUILSRIVIER GOLF COURSE	
	KUILSRIVIER INDUSTRIA					KUILSRIVIER INDUSTRIA	
	KUILSRIVIER SOUTH SMALLHOLDINGS					KUILSRIVIER SOUTH SMALLHOLDINGS	
Khayelitsha	KUYASA			Khayelitsha	KUYASA	KUYASA	
Somerset West	La Concorde	Somerset West	La Concorde			LA CONCORDE	
Somerset West	La Montagne	Somerset West	La Montagne			LA MONTAGNE	
Bellville	La Rochelle	Bellville	La Rochelle	Tygerberg	LA ROCHELLE	LA ROCHELLE	
Somerset West	La Sandra	Somerset West	La Sandra			LA SANDRA	
Bellville	Labiance	Bellville	Labiance	Tygerberg	LABIANCE	LABIANCE	
Milnerton	Lagoon Beach	Milnerton	Lagoon Beach	West Coast	LAGOON BEACH	LAGOON BEACH	
Muizenberg	Lakeside	Muizenberg	Lakeside	South	LAKESIDE	LAKESIDE	
Somerset West	Land En Zeezicht	Somerset West	Land En Zeezicht	Helderberg	LAND EN ZEEZICHT	LAND EN ZEEZICHT	
Langa	Langa SP	Langa	Langa SP	Cape Town	LANGA	LANGA	
Kraaifontein	Langeberg Glen	Kraaifontein	Langeberg Glen				
Kraaifontein	Langeberg Hoogte	Kraaifontein	Langeberg Hoogte			LANGEBERG HOOGTE	
Kraaifontein	Langeberg Ridge	Kraaifontein	Langeberg Ridge			LANGEBERG RIDGE	
Durbanville	Langeberg Village	Durbanville	Langeberg Village	North East	LANGEBERG VILLAGE	LANGEBERG VILLAGE	
Strand	Langewacht	Strand	Langewacht				
Cape Town	Lansdowne	Cape Town	Lansdowne	Cape Town	LANSDOWNE	LANSDOWNE	
Bellville	Laurindale	Bellville	Laurindale				
Cape Town	Lavender Hill	Cape Town	Lavender Hill	Cape Flats	LAVENDER HILL	LAVENDER HILL	
	LEIDEN					LEIDEN	
Mitchells Plain	Lentegeur	Mitchells Plain	Lentegeur	Mitchells Plain	LENTEGEUR	LENTEGEUR	
Elsies Rivier	Leonsdale	Elsies Rivier	Leonsdale			LEONSDALE	
	LETRU					LETRU	
	LILLYDALE					LILLYDALE	
Athlone	Lincoln	Athlone	Lincoln				
Somerset West	Lionviham	Somerset West	Lionviham				
Hout Bay	Llandudno	Hout Bay	Llandudno	South	LLANDUDNO	LLANDUDNO	
Athlone	Lochiel	Athlone	Lochiel				
Strand	Lochnerhof	Strand	Lochnerhof				
Bellville	Loevenstein	Bellville	Loevenstein	North East	LOEVENSTEIN	LOEVENSTEIN	
Somerset West	Longdown Estate	Somerset West	Longdown Estate			LONGDOWN ESTATE	
Strand	Longlands	Strand	Longlands				
Grassy Park	Lotus River	Grassy Park	Lotus River	Cape Town	LOTUS RIVER	LOTUS RIVER	
Cape Flats	LOTUSRIVER			Cape Flats	LOTUSRIVER		
Kuils River	Loucharmante	Kuils River	Loucharmante			LOUCHARMANTE	
Bellville	Loumar	Bellville	Loumar	Tygerberg	LOUMAR	LOUMAR	
	LOURENSIA PARK					LOURENSIA PARK	
Gugulethu	Lusaka	Gugulethu	Lusaka				
Nomzamo	Lwandle	Nomzamo	Lwandle	Helderberg	LWANDLE	LWANDLE	
Somerset West	Lynn`s View	Somerset West	Lynn`s View			LYNN'S VIEW	
Kuils River	Mabille Park	Kuils River	Mabille Park	Helderberg	MABILLE PARK	MABILLE PARK	
	MACASSAR BEACH					MACASSAR BEACH	
Macassar	Macassar SP	Macassar	Macassar SP	Helderberg	MACASSAR	MACASSAR	
Helderberg	MACASSAR STRAND			Helderberg	MACASSAR STRAND		
	MACASSAR VILLAGE					MACASSAR VILLAGE	
Cape Town	Maitland	Cape Town	Maitland	Cape Town	MAITLAND	MAITLAND	
Cape Town	Maitland Garden Village	Cape Town	Maitland Garden Village	Cape Town	MAITLAND GARDEN VILLAGE	MAITLAND GARDEN VILLAGE	
Blue Downs	Malibu Village	Blue Downs	Malibu Village			MALIBU VILLAGE	
	MALL INTERCHANGE					MALL INTERCHANGE	
	MALL MOTOR CITY					MALL MOTOR CITY	
	MALL TRIANGLE					MALL TRIANGLE	
North East	MALM FARMS			North East	MALM FARMS		
	MALMESBURY FARMS					MALMESBURY FARMS	
West Coast	MALMS WC FARMS			West Coast	MALMS WC FARMS		
Mamre	Mamre SP	Mamre	Mamre SP	West Coast	MAMRE	MAMRE	
Mitchells Plain	Mandalay	Mitchells Plain	Mandalay				
Khayelitsha	Mandela Park	Khayelitsha	Mandela Park	Khayelitsha	MANDELA PARK	MANDELA PARK	
Athlone	Manenberg	Athlone	Manenberg	Cape Town	MANENBERG	MANENBERG	
Bellville	Maniesoord	Bellville	Maniesoord				
Gordons Bay	Mansfield	Gordons Bay	Mansfield			MANSFIELD INDUSTRIA	
Milnerton	Marconi Beam	Milnerton	Marconi Beam	West Coast	MARCONI BEAM	MARCONI BEAM	
Muizenberg	Marina Da Gama	Muizenberg	Marina Da Gama				
Kuils River	Marinda Heights	Kuils River	Marinda Heights	Tygerberg	MARINDA PARK	MARINDA PARK	
Brackenfell	Marlborough Park	Brackenfell	Marlborough Park				
Somerset West	Martinville	Somerset West	Martinville			MARTINVILLE	
	MARVINPARK					MARVINPARK	
Noordhoek	Masiphumelele	Noordhoek	Masiphumelele				
Noordhoek	Masiphumelele School Site Informal	Noordhoek	Masiphumelele School Site Informal				
Matroosfontein	Matroosfontein	Matroosfontein	Matroosfontein	Tygerberg	MATROOSFONTEIN	MATROOSFONTEIN	
Cape Town	Meadowridge	Cape Town	Meadowridge	South	MEADOWRIDGE	MEADOWRIDGE	
Durbanville	Meerendal AH	Durbanville	Meerendal AH				
Melkbosstrand	Melkbosstrand SP	Melkbosstrand	Melkbosstrand SP	West Coast	MELKBOSSTRAND	MELKBOSCH STRAND	
	METRO					METRO	
Milnerton	Metro Industrial Township	Milnerton	Metro Industrial Township	West Coast	METRO INDUSTRIAL TOWNSHIP		
Bellville	Meyerhof	Bellville	Meyerhof	Tygerberg	MEYERHOF	MEYERHOF	
Mfuleni	Mfuleni SP	Mfuleni	Mfuleni SP	Helderberg	MFULENI	MFULENI	
	MIKPUNT					MIKPUNT	
Kuils River	Mikro Park	Kuils River	Mikro Park			MIKRO PARK	
West Coast	MILNERTON			West Coast	MILNERTON	MILNERTON	
Milnerton	Milnerton Ridge	Milnerton	Milnerton Ridge	West Coast	MILNERTON RIDGE	MILNERTON RIDGE	
Milnerton	Milnerton SP	Milnerton	Milnerton SP				
Tygerberg	MILNERTON_B			Tygerberg	MILNERTON_B		
Bellville	Mimosa	Bellville	Mimosa				
	MISSION GROUNDS					MISSION GROUNDS	
Scarborough	Misty Cliffs	Scarborough	Misty Cliffs	South	MISTY CLIFFS	MISTY CLIFFS	
Mitchells Plain	Mitchells Plain Town Centre	Mitchells Plain	Mitchells Plain Town Centre	Mitchells Plain	MITCHELLS PLAIN TOWN CENTRE	MITCHELLS PLAIN CBD	
Parow	Modderdam	Parow	Modderdam			MODDERDAM	
Tygerberg	MONTAGUE			Tygerberg	MONTAGUE	MONTAGUE	
Milnerton	Montague Gardens	Milnerton	Montague Gardens	West Coast	MONTAGUE GARDENS	MONTAGUE GARDENS	
Matroosfontein	Montana	Matroosfontein	Montana			MONTANA	
	MONTANA EXTENSION					MONTANA EXTENSION	
	MONTCHERE					MONTCHERE	
Somerset West	Montclair	Somerset West	Montclair				
Somerset West	Monte Sereno	Somerset West	Monte Sereno			MONTE SERENO	
Milnerton	Monte Vista	Milnerton	Monte Vista	Tygerberg	MONTE VISTA	MONTE VISTA	
Tygerberg	MONTEVIDEO			Tygerberg	MONTEVIDEO	MONTEVIDEO	
Matroosfontein	Montevideo SP2	Matroosfontein	Montevideo SP2				
Khayelitsha	Monwabisi	Khayelitsha	Monwabisi			MONWABISI	
Khayelitsha	MONWABISI_KHAYA			Khayelitsha	MONWABISI_KHAYA		
	MORGAN INDUSTRIA					MORGAN INDUSTRIA	
	MORGANS VILLAGE					MORGANS VILLAGE	
Brackenfell	Morgenster	Brackenfell	Morgenster			MORGENSTER	
Brackenfell	Morgenster Hoogte	Brackenfell	Morgenster Hoogte			MORGENSTER HEIGHTS	
Cape Town NU	Morning Star AH	Cape Town NU	Morning Star AH				
Somerset West	Morningside	Somerset West	Morningside			MORNINGSIDE	
Durbanville	Morningstar	Durbanville	Morningstar	North East	MORNINGSTAR	MORNINGSTAR	
Cape Town	Mouille Point	Cape Town	Mouille Point	Cape Town	MOUILLE POINT	MOUILLE POINT	
Simon's Town	Mount Pleasant	Simon's Town	Mount Pleasant				
	MOUNTAINSIDE					MOUNTAINSIDE	
	MOUNTAINSIDE ESTATE					MOUNTAINSIDE ESTATE	
	MOUNTAINSIDE EXT 2					MOUNTAINSIDE EXT 2	
Athlone	Mountview	Athlone	Mountview	Cape Town	MOUNTVIEW	MOUNTVIEW	
Cape Town	Mowbray	Cape Town	Mowbray	Cape Town	MOWBRAY	MOWBRAY	
South	MOWBRAY_CT			South	MOWBRAY_CT		
South	MUIZENBERG			South	MUIZENBERG	MUIZENBERG	
Muizenberg	Muizenberg SP2	Muizenberg	Muizenberg SP2				
Cape Flats	MUIZENBERG_FLATS			Cape Flats	MUIZENBERG_FLATS		
Simon's Town	Murdock Valley	Simon's Town	Murdock Valley				
Khayelitsha	MXOLISI PHETANI			Khayelitsha	MXOLISI PHETANI	MXOLISI PHETANI	
Goodwood	N1 City	Goodwood	N1 City	Tygerberg	N1CITY	N1-STAD	
	NATURE'S VALLEY					NATURE'S VALLEY	
North East	NATURES VALLEY			North East	NATURES VALLEY	NATURES VALLEY	
Durbanville	Natures Valley(Durbanville)	Durbanville	Natures Valley(Durbanville)				
Somerset West	Natures Valley(Somerset West)	Somerset West	Natures Valley(Somerset West)				
Cape Town	Ndabeni	Cape Town	Ndabeni	Cape Town	NDABENI		
North East	NE_UNKNOWN			North East	NE_UNKNOWN		
North East	NERINA			North East	NERINA	NERINA	
Cape Town	Nerissa Estate	Cape Town	Nerissa Estate				
Nyanga	New Crossroads	Nyanga	New Crossroads				
	NEW MACASSAR					NEW MACASSAR	
Gugulethu	New Rest	Gugulethu	New Rest				
	NEW SCHEME					NEW SCHEME	
	NEW WOODLANDS					NEW WOODLANDS	
Athlone	Newfields	Athlone	Newfields	Cape Town	NEWFIELDS	NEWFIELDS	
Cape Town	Newlands	Cape Town	Newlands	South	NEWLANDS	NEWLANDS	
Cape Town	Newlands Forest	Cape Town	Newlands Forest				
North East	NIEUW MAASTRECHT-1			North East	NIEUW MAASTRECHT-1	NIEUW MAASTRECHT-1	
	NIEUW MAASTRECHT-2					NIEUW MAASTRECHT-2	
Nomzamo	Nomzamo SP	Nomzamo	Nomzamo SP			NOMZAMO	
Khayelitsha	NONQUBELA			Khayelitsha	NONQUBELA	NONQUBELA	
Matroosfontein	Nooitgedacht	Matroosfontein	Nooitgedacht	Tygerberg	NOOITGEDACHT	NOOITGEDACHT	
Noordhoek	Noordhaven	Noordhoek	Noordhaven				
Noordhoek	Noordhoek Manor	Noordhoek	Noordhoek Manor				
Noordhoek	Noordhoek SP	Noordhoek	Noordhoek SP	South	NOORDHOEK	NOORDHOEK	
	NORMANDIE ESTATE					NORMANDIE ESTATE	
Milnerton	North Camp Wingfield	Milnerton	North Camp Wingfield				
North East	NORTH EAST FARMS			North East	NORTH EAST FARMS		
North East	North East NO_CATEGORY			North East	NO_CATEGORY		
Parow	Northgate	Parow	Northgate	Tygerberg	NORTHGATE	NORTHGATE	
Kraaifontein	Northpine	Kraaifontein	Northpine			NORTHPINE	
Elsies Rivier	Norwood	Elsies Rivier	Norwood				
Cape Town	Nova Constantia	Cape Town	Nova Constantia				
	NUTWOOD					NUTWOOD	
Nyanga	Nyanga SP	Nyanga	Nyanga SP	Cape Flats	NYANGA	NYANGA	
Bellville	O'Kennedyville	Bellville	O'Kennedyville	North East	O'KENNEDYVILLE	O'KENNEDYVILLE	
Bellville	Oakdale	Bellville	Oakdale	Tygerberg	OAKDALE	OAKDALE	
Blackheath	Oakdene	Blackheath	Oakdene			OAKDENE	
Bellville	Oakglen	Bellville	Oakglen	Tygerberg	OAKGLEN	OAKGLEN	
Cape Town	Observatory	Cape Town	Observatory			OBSERVATORY	
Cape Town	OBSERVATORY_CT			Cape Town	OBSERVATORY_CT		
Kommetjie	Ocean View	Kommetjie	Ocean View	South	OCEAN VIEW	OCEAN VIEW	
Brackenfell	Okavango Park	Brackenfell	Okavango Park	North East	OKAVANGO PARK	OKAVANGO PARK	
Somerset West	Olive Grove	Somerset West	Olive Grove			OLIVE GROVE	
	ONVERWACHT					ONVERWACHT	
	ONVERWACHT VILLAGE					ONVERWACHT VILLAGE	
Gordons Bay	Onverwacht(Gordons Bay)	Gordons Bay	Onverwacht(Gordons Bay)			ONVERWACHT (Gordons Bay)	
Strand	Onverwacht(Strand)	Strand	Onverwacht(Strand)				
Parow	Oostersee	Parow	Oostersee	Tygerberg	OOSTERSEE		
	OOSTERZEE-BELLVILLE					OOSTERZEE-BELLVILLE	
Cape Town	Oranjezicht	Cape Town	Oranjezicht	Cape Town	ORANJEZICHT	ORANJEZICHT	
Cape Town	Ottery	Cape Town	Ottery	Cape Town	OTTERY	OTTERY	
Cape Town	Ottery East	Cape Town	Ottery East				
Cape Town	Otyhouse Estate	Cape Town	Otyhouse Estate				
Cape Town	Oude Molen Village	Cape Town	Oude Molen Village				
Bellville	Oude Westhof	Bellville	Oude Westhof	North East	OUDE WESTHOF	OUDE WESTHOF	
	OUDEKRAAL					OUDEKRAAL	
	PAARDE VLEI					PAARDE VLEI	
Milnerton	Paarden Eiland	Milnerton	Paarden Eiland	Cape Town	PAARDEN EILAND	PAARDEN EILAND	
West Coast	PAARDEN EILAND_BL			West Coast	PAARDEN EILAND_BL		
Somerset West	Paardevlei	Somerset West	Paardevlei				
North East	PAARL FARMS			North East	PAARL FARMS	PAARL FARMS	
Blue Downs	Palm Park	Blue Downs	Palm Park				
Parow	Panorama	Parow	Panorama	Tygerberg	PANORAMA	PANORAMA	
Cape Farms	Papekuil Outspan	Cape Farms	Papekuil Outspan				
Somerset West	Parel Vallei	Somerset West	Parel Vallei			PAREL VALLEI	
Helderberg	PARELVALLEI			Helderberg	PARELVALLEI		
	PARELVALLEI KLEINHOEWES					PARELVALLEI KLEINHOEWES	
Blue Downs	Park Village	Blue Downs	Park Village				
Blouberg	Parklands	Blouberg	Parklands	West Coast	PARKLANDS	PARKLANDS	
Blouberg	Parklands Ext	Blouberg	Parklands Ext				
Grassy Park	Parkwood	Grassy Park	Parkwood	Cape Flats	PARKWOOD	PARKWOOD	
Tygerberg	PAROW			Tygerberg	PAROW	PAROW	
Parow	Parow East	Parow	Parow East	Tygerberg	PAROW EAST	PAROW EAST	
Parow	Parow Golf Course	Parow	Parow Golf Course			PAROW GOLF COURSE	
Parow	Parow Industrial	Parow	Parow Industrial	Tygerberg	PAROW INDUSTRIAL	PAROW INDUSTRIA	
Parow	Parow North	Parow	Parow North	Tygerberg	PAROW NORTH	PAROW NORTH	
Parow	Parow SP	Parow	Parow SP				
Parow	Parow Valley	Parow	Parow Valley	Tygerberg	PAROW VALLEY	PAROW VALLEY	
Bellville	Pascall	Bellville	Pascall				
Cape Town	PEACOCK CLOSE			Cape Town	PEACOCK CLOSE	PEACOCK CLOSE	
Somerset West	Pearl Marina	Somerset West	Pearl Marina			PEARL MARINA	
	PEARL RISE					PEARL RISE	
Kraaifontein	Peerless Park East	Kraaifontein	Peerless Park East			PEERLESS PARK EAST	
Kraaifontein	Peerless Park North	Kraaifontein	Peerless Park North			PEERLESS PARK NORTH	
Kraaifontein	Peerless Park West	Kraaifontein	Peerless Park West			PEERLESS PARK WEST	
Grassy Park	Pelikan Heights	Grassy Park	Pelikan Heights	Cape Town	PELIKAN HEIGHTS	PELIKAN HEIGHTS	
Grassy Park	Pelikan Park	Grassy Park	Pelikan Park	Cape Town	PELIKAN PARK	PELIKAN PARK	
Pella	Pella SP	Pella	Pella SP			PELLA	
Kuils River	Penhill	Kuils River	Penhill			PENHILL	
Bellville	Peninsula Technikon	Bellville	Peninsula Technikon				
Athlone	Penlyn Estate	Athlone	Penlyn Estate	Cape Flats	PENLYN ESTATE	PENLYN ESTATE	
Hout Bay	Penzance Estate	Hout Bay	Penzance Estate				
Blue Downs	Perm Gardens	Blue Downs	Perm Gardens				
	PETROSA TANK FARM					PETROSA TANK FARM	
Philadelphia	Philadelphia SP	Philadelphia	Philadelphia SP	North East	PHILIDELPHIA	PHILADELPHIA	
Cape Flats	PHILIPPI			Cape Flats	PHILIPPI	PHILIPPI	
Philippi	Philippi East	Philippi	Philippi East				
Philippi	Philippi Park	Philippi	Philippi Park			PHILIPPI PARK	
Philippi	Philippi SP1	Philippi	Philippi SP1				
Philippi	Philippi SP2	Philippi	Philippi SP2				
Mitchells Plain	PHILIPPI_KHAYA			Mitchells Plain	PHILIPPI_KHAYA		
Milnerton	Phoenix	Milnerton	Phoenix	West Coast	PHOENIX	PHOENIX	
Gugulethu	Phola Park(Gugulethu)	Gugulethu	Phola Park(Gugulethu)				
Bellville	Pieke & Marionstat	Bellville	Pieke & Marionstat				
Cape Town	Pinati	Cape Town	Pinati	Cape Town	PINATI	PINATI	
Gordons Bay	Pine Acres	Gordons Bay	Pine Acres				
Simon's Town	Pine Haven	Simon's Town	Pine Haven				
Durbanville	Pine Hurst Security Estate	Durbanville	Pine Hurst Security Estate			PINEHURST	
Blue Downs	Pine Place	Blue Downs	Pine Place				
Cape Town	Pinelands	Cape Town	Pinelands	Cape Town	PINELANDS	PINELANDS	
Tygerberg	PLATTEKLOOF			Tygerberg	PLATTEKLOOF		
Parow	Plattekloof 1	Parow	Plattekloof 1			PLATTEKLOOF 1	
Parow	Plattekloof 2	Parow	Plattekloof 2			PLATTEKLOOF 2	
Parow	Plattekloof 3	Parow	Plattekloof 3			PLATTEKLOOF 3	
Milnerton	Plattekloof Glen	Milnerton	Plattekloof Glen			PLATTEKLOOF GLEN	
Cape Town	Plumstead	Cape Town	Plumstead	South	PLUMSTEAD	PLUMSTEAD	
Cape Town	Pollsmoor	Cape Town	Pollsmoor				
Cape Town	Porter Reform Estate	Cape Town	Porter Reform Estate				
Mitchells Plain	Portland	Mitchells Plain	Portland	Mitchells Plain	PORTLAND	PORTLAND	
Athlone	Primrose Park	Athlone	Primrose Park	Cape Flats	PRIMROSE PARK		
Brackenfell	Protea Hoogte	Brackenfell	Protea Hoogte			PROTEA HEIGHTS	
Atlantis	Protea Park	Atlantis	Protea Park			PROTEA PARK	
Brackenfell	Protea Village	Brackenfell	Protea Village			PROTEA VILLAGE	
Bellville	Proteavallei	Bellville	Proteavallei	North East	PROTEAVALLEY	PROTEAVALLEY	
Durbanville	Proteaville	Durbanville	Proteaville	North East	PROTEAVILLE	PROTEAVILLE	
Milnerton	RACING PARK				RACING PARK	RACING PARK	
Somerset West	Radloff Park	Somerset West	Radloff Park				
Parow	Ravensmead	Parow	Ravensmead	Tygerberg	RAVENSMEAD	RAVENSMEAD	
Cape Town	Retreat	Cape Town	Retreat	South	RETREAT	RETREAT	
Goodwood	Richmond	Goodwood	Richmond	Tygerberg	RICHMOND	RICHMOND	
Goodwood	Richmond Estate	Goodwood	Richmond Estate	Tygerberg	RICHMOND ESTATE	RICHMOND ESTATE	
Tygerberg	RICHMOND PARK			Tygerberg	RICHMOND PARK	RICHMOND PARK	
Blouberg	Richwood	Blouberg	Richwood	Tygerberg	RICHWOOD	RICHWOOD	
Bellville	Ridgeworth	Bellville	Ridgeworth	North East	RIDGEWORTH	RIDGEWORTH	
Milnerton	Rietvlei Nature Area	Milnerton	Rietvlei Nature Area				
	RIVERGATE					RIVERGATE	
	RIVERSIDE					RIVERSIDE	
Elsies Rivier	Riverton	Elsies Rivier	Riverton			RIVERTON ELSIES RIVER	
Robben Island	Robben Island SP	Robben Island	Robben Island SP	West Coast	ROBBEN ISLAND	ROBBEN ISLAND	
Atlantis	Robinvale	Atlantis	Robinvale			ROBINVALE	
Mitchells Plain	Rocklands	Mitchells Plain	Rocklands	Cape Flats	ROCKLANDS	ROCKLANDS	
Mitchells Plain	ROCKLANDS_KHAYA			Mitchells Plain	ROCKLANDS_KHAYA		
Strand	Rome	Strand	Rome				
Somerset West	Rome Glen	Somerset West	Rome Glen			ROME GLEN	
Cape Town	Romp Vallei	Cape Town	Romp Vallei				
Cape Town	Rondebosch	Cape Town	Rondebosch	South	RONDEBOSCH_CT	RONDEBOSCH	
Cape Town	Rondebosch East	Cape Town	Rondebosch East	Cape Flats	RONDEBOSCH EAST	RONDEBOSCH EAST	
	RONDEVLEI PARK					RONDEVLEI PARK	
Delft	Roosendal	Delft	Roosendal			ROOSENDAL	
Cape Town	Rosebank	Cape Town	Rosebank	South	ROSEBANK_CT	ROSEBANK	
Blue Downs	Rosedale	Blue Downs	Rosedale			ROSEDALE	
Durbanville	Rosedale Estate	Durbanville	Rosedale Estate				
Bellville	Rosendal(Bellville)	Bellville	Rosendal(Bellville)	North East	ROSENDAL	ROSENDAL	
Blouberg	Rosendal(Table View)	Blouberg	Rosendal(Table View)				
North East	ROSENPARK			North East	ROSENPARK	ROSENPARK	
	ROTTERDAM					ROTTERDAM	
Somerset West	Roundhay	Somerset West	Roundhay			ROUNDHAY	
Kuils River	Rouxville	Kuils River	Rouxville			ROUXVILLE	
West Coast	ROYAL ASCOT			West Coast	ROYAL ASCOT	ROYAL ASCOT	
Cape Town	Royal Cape	Cape Town	Royal Cape				
Khayelitsha	RR Section	Khayelitsha	RR Section				
Milnerton	Rugby	Milnerton	Rugby	West Coast	RUGBY	RUGBY	
Durbanville	Ruitershoogte	Durbanville	Ruitershoogte	North East	RUITERSHOOGTE	RUITERSHOOGTE	
Bellville	Runkel Blv	Bellville	Runkel Blv				
Eerste Rivier	Russel`s Rest	Eerste Rivier	Russel`s Rest				
Cape Town	Rust-En-Vrede	Cape Town	Rust-En-Vrede				
Blackheath	Rustdal	Blackheath	Rustdal			RUSTDAL	
Athlone	Rustdale	Athlone	Rustdale				
Strand	Rusthof	Strand	Rusthof	Helderberg	RUSTHOF	RUWARI	
Brackenfell	Ruwari	Brackenfell	Ruwari				
Goodwood	Ruyterwacht	Goodwood	Ruyterwacht	Tygerberg	RUYTERWACHT	RUYTERWACHT	
Athlone	Rylands	Athlone	Rylands	Cape Town	RYLANDS	RYLANDS	
Khayelitsha	SABATA DALINDYEBO SQUARE				SABATA DALINDYEBO SQUARE	SABATA DALINDYEBO SQUARE	
Bellville	Sacks Circle Industrial	Bellville	Sacks Circle Industrial	Tygerberg	SACKS CIRCLE	SACK'S CIRCLE INDUSTRIA	
Muizenberg	Saint James	Muizenberg	Saint James				
Elsies Rivier	Salberau	Elsies Rivier	Salberau				
Cape Town	Salt River	Cape Town	Salt River	Cape Town	SALT RIVER_CT	SALT RIVER	
Noordhoek	San Michel	Noordhoek	San Michel				
Mitchells Plain	San Remo	Mitchells Plain	San Remo				
Cape Flats	SAND INDUSTRIA			Cape Flats	SAND INDUSTRIA	SAND INDUSTRIA	
Milnerton	Sanddrift	Milnerton	Sanddrift	West Coast	SANDDRIFT	SANDDRIFT	
	SANDOWN					SANDOWN	
	SANDVLEI					SANDVLEI	
Bellville	Sanlamhof	Bellville	Sanlamhof	Tygerberg	SANLAMHOF	SANLAMHOF	
Kuils River	Sarepta	Kuils River	Sarepta			SAREPTA	
	SAXENBURG PARK 1					SAXENBURG PARK 1	
	SAXENBURG PARK 2					SAXENBURG PARK 2	
Tygerberg	SAXON INDUSTRIAL			Tygerberg	SAXON INDUSTRIAL	SAXON INDUSTRIAL	
Atlantis	Saxonsea	Atlantis	Saxonsea	West Coast	SAXONSEA	SAXONSEA	
	SAXONWOOD					SAXONWOOD	
Scarborough	Scarborough SP	Scarborough	Scarborough SP	South	SCARBOROUGH	SCARBOROUGH	
	SCHONENBERG					SCHONENBERG	
Durbanville	Schoongezight	Durbanville	Schoongezight	North East	SCHOONGEZICHT	SCHOONGEZICHT	
Cape Town	Schotschekloof	Cape Town	Schotschekloof	Cape Town	SCHOTSCHEKLOOF_CT	SCHOTSCHEKLOOF	
Hout Bay	Scott Estate	Hout Bay	Scott Estate				
Kraaifontein	Scottsdene	Kraaifontein	Scottsdene			SCOTTSDENE	
Kraaifontein	Scottsville	Kraaifontein	Scottsville			SCOTTSVILLE	
Gordons Bay	Sea Breeze	Gordons Bay	Sea Breeze			SEA BREEZ PARK	
Cape Town	Sea Point	Cape Town	Sea Point	Cape Town	SEA POINT	SEA POINT	
Cape Town	Seawinds	Cape Town	Seawinds	Cape Flats	SEAWINDS	SEAWINDS	
Bellville	Selborne	Bellville	Selborne	North East	SELBORNE	SELBORNE	
Strand	Sercor Park	Strand	Sercor Park			SERCOR PARK	
Somerset West	Shady Glen	Somerset West	Shady Glen				
Cape Town	Sheraton Park	Cape Town	Sheraton Park				
Atlantis	Sherwood	Atlantis	Sherwood			SHERWOOD	
Bellville	Shirley Park	Bellville	Shirley Park	Tygerberg	SHIRLEY PARK	SHIRLEY PARK	
Cape Town	Signal Hill Nature Reserve	Cape Town	Signal Hill Nature Reserve	Cape Town	SIGNAL HILL / LIONS HEAD	SIGNAL HILL / LIONS HEAD	
Cape Town	Sillery	Cape Town	Sillery				
Eerste Rivier	Sillwood Heights	Eerste Rivier	Sillwood Heights				
Kuils River	Silver Oaks	Kuils River	Silver Oaks				
Khayelitsha	Silver Town	Khayelitsha	Silver Town	Khayelitsha	SILVERTOWN_KHAYA	SILWERTOWN	
Fish Hoek	Silverglade	Fish Hoek	Silverglade				
Cape Town	Silverhurst	Cape Town	Silverhurst				
Noordhoek	Silvermine Village	Noordhoek	Silvermine Village				
Blackheath	Silveroaks Industrial	Blackheath	Silveroaks Industrial			SILVEROAKS	
Blue Downs	Silversands	Blue Downs	Silversands			SILVERSANDS	
Bellville	Silverstream	Bellville	Silverstream				
	SILVERTAS					SILVERTAS	
Athlone	Silvertown	Athlone	Silvertown	Khayelitsha	SILVERTOWN	SILVERTOWN	
	SILWERBOOMKLOOF					SILWERBOOMKLOOF	
Simon's Town	Simon's Kloof	Simon's Town	Simon's Kloof				
South	SIMON'S TOWN			South	SIMON'S TOWN	SIMON'S TOWN	
Simon's Town	Simon's Town Habour	Simon's Town	Simon's Town Habour				
Simon's Town	Simon's Town SP	Simon's Town	Simon's Town SP				
Somerset West	Sir Lowry's Pass	Somerset West	Sir Lowry's Pass	Helderberg	SIR LOWRY'S PASS	SIR LOWRYS PASS	
Somerset West	SIR LOWRYS PASS VILLAGE CENTRE			Somerset West		SIR LOWRYS PASS VILLAGE CENTRE	
	SIRROCCO'S					SIRROCCO'S	
	SITARI COUNTRY ESTATE					SITARI COUNTRY ESTATE	
Helderberg	SMALL HOLDINGS			Helderberg	SMALL HOLDINGS		
	SMARTIE TOWN					SMARTIE TOWN	
Smitswinkelbaai	Smitswinkelbaai SP	Smitswinkelbaai	Smitswinkelbaai SP	South	SMITSWINKELBAAI	SMITSWINKELBAAI	
Khayelitsha	Solomon Mahlangu	Khayelitsha	Solomon Mahlangu				
	SOMERSET FOREST					SOMERSET FOREST	
Strand	Somerset Park	Strand	Somerset Park				
Somerset West	Somerset Ridge	Somerset West	Somerset Ridge				
	SOMERSET RIDGE					SOMERSET RIDGE	
	SOMERSET WEST					SOMERSET WEST	
	SOMERSET WEST BUSINESS PARK					SOMERSET WEST BUSINESS PARK	
Somerset West	Somerset West Country Club	Somerset West	Somerset West Country Club			SOMERSET WEST COUNTRY CLUB	
Somerset West	Somerset West SP	Somerset West	Somerset West SP			SOMERSET WEST NATURE RESERVE	
Kuils River	Soneike	Kuils River	Soneike				
	SONEIKE I					SONEIKE I	
Helderberg	SONEIKE II			Helderberg	SONEIKE II	SONEIKE II	
	SONKRING					SONKRING	
Kuils River	Sonnekuil	Kuils River	Sonnekuil			SONNEKUIL	
Parow	Sonnendal	Parow	Sonnendal	Tygerberg	SONNENDAL	SONNENDAL	
Durbanville	Sonstraal	Durbanville	Sonstraal	North East	SONSTRAAL	SONSTRAAL	
Durbanville	Sonstraal Heights	Durbanville	Sonstraal Heights	North East	SONSTRAAL HEIGHTS	SONSTRAAL HEIGHTS	
South	South NO_CATEGORY			South	NO_CATEGORY		
Cape Town	Southfield	Cape Town	Southfield	South	SOUTHFIELD	SOUTHFIELD	
Strand	Southfork	Strand	Southfork			SOUTHFORK	
South	SP_UNKNOWN			South	SP_UNKNOWN		
Somerset West	Spanish Farm	Somerset West	Spanish Farm			SPANISH FARM	
Somerset West	Spanish Farm Ext 1	Somerset West	Spanish Farm Ext 1				
Brackenfell	Springbokpark	Brackenfell	Springbokpark			SPRINGBOKPARK	
North East	SPRINGFIELD			North East	SPRINGFIELD	SPRINGFIELD	
Kuils River	St Dumas	Kuils River	St Dumas			ST DUMAS	
South	ST JAMES			South	ST JAMES	ST JAMES	
Brackenfell	St Kilda	Brackenfell	St Kilda				
Brackenfell	St Michaels	Brackenfell	St Michaels			ST MICHAELS	
Bellville	Stanlou	Bellville	Stanlou				
Cape Town	Steenberg	Cape Town	Steenberg	South	STEENBERG	STEENBERG	
Cape Town	Steenberg Estate	Cape Town	Steenberg Estate				
Somerset West	Steenbras View	Somerset West	Steenbras View			STEENBRAS VIEW	
Bellville	Stellenberg	Bellville	Stellenberg	North East	STELLENBERG	STELLENBERG	
North East	STELLENBOSCH FARMS			North East	STELLENBOSCH FARMS	STELLENBOSCH FARMS	
	STELLENBOSCH FARMS (BLUE DOWNS)					STELLENBOSCH FARMS (BLUE DOWNS)	
	STELLENBOSCH FARMS (KUILSRIVIER)					STELLENBOSCH FARMS (KUILSRIVIER)	
Bellville	Stellenbosch University Satellite Campus	Bellville	Stellenbosch University Satellite Campus	North East	STELLENBOSCH UNIV	STELLENBOSCH UNIV	
Kuils River	STELLENDALE			Kuils River	STELLENDALE	STELLENDALE	
Bellville	Stellenridge	Bellville	Stellenridge	North East	STELLENRIDGE	STELLENRIDGE	
Bellville	Stellenryk	Bellville	Stellenryk	North East	STELLENRYK	STELLENRYK	
Somerset West	Steyn`s Nest	Somerset West	Steyn`s Nest				
Bellville	Stikland	Bellville	Stikland	Tygerberg	STIKLAND	STIKLAND	
Bellville	Stikland Hospital	Bellville	Stikland Hospital	Tygerberg	STIKLAND HOSPITAAL	STIKLAND HOSPITAAL	
Bellville	Stikland Industrial	Bellville	Stikland Industrial	Tygerberg	STIKLAND INDUSTRIAL	STIKLAND INDUSTRIA	
Helderberg	STNBOSCH FARMS (BLUE DOWNS)			Helderberg	STNBOSCH FARMS (BLUE DOWNS)		
Muizenberg	Stonehurst Mountain Estate	Muizenberg	Stonehurst Mountain Estate				
Helderberg	STRAND			Helderberg	STRAND	STRAND	
	STRAND GOLF CLUB					STRAND GOLF CLUB	
	STRAND INDUSTRIA					STRAND INDUSTRIA	
Strand	Strand SP	Strand	Strand SP				
Mitchells Plain	Strandfontein	Mitchells Plain	Strandfontein	Cape Town	STRANDFONTEIN	STRANDFONTEIN	
Mitchells Plain	Strandfontein Village	Mitchells Plain	Strandfontein Village				
Strand	Strandvale	Strand	Strandvale			STRANDVALE	
Eerste Rivier	Stratford Green	Eerste Rivier	Stratford Green				
Somerset West	Stuart`s Hill	Somerset West	Stuart`s Hill			STUART'S HILL	
Milnerton	Summer Greens	Milnerton	Summer Greens	West Coast	SUMMER GREENS	SUMMER GREENS	
Kraaifontein	Summerville	Kraaifontein	Summerville			SUMMERVILLE	
Fish Hoek	Sun Valley	Fish Hoek	Sun Valley			SUN CITY	
Blackheath	Sunbird Park	Blackheath	Sunbird Park			SUNBIRD PARK	
Bellville	Sunkist	Bellville	Sunkist				
Cape Town	Sunlands	Cape Town	Sunlands				
Blouberg	Sunningdale	Blouberg	Sunningdale	West Coast	SUNNINGDALE	SUNNINGDALE	
Noordhoek	Sunnydale	Noordhoek	Sunnydale	South	SUNNYDALE	SUNNYDALE	
Athlone	Sunnyside	Athlone	Sunnyside				
Bellville	Sunray	Bellville	Sunray				
Blouberg	Sunridge	Blouberg	Sunridge	West Coast	SUNRIDGE	SUNRIDGE	
Milnerton	Sunset Beach	Milnerton	Sunset Beach	West Coast	SUNSET BEACH	SUNSET BEACH	
Milnerton	Sunsetlinks	Milnerton	Sunsetlinks				
South	SUNVALLEY			South	SUNVALLEY	SUNVALLEY	
Athlone	Surrey	Athlone	Surrey	Cape Flats	SURREY	SURREY	
Philippi	Sweet Home	Philippi	Sweet Home				
Cape Town	Sweet Valley	Cape Town	Sweet Valley				
Athlone	Sybrandpark	Athlone	Sybrandpark	Cape Flats	SYBRAND PARK	SYBRAND PARK	
Cape Town	Table Bay Harbour	Cape Town	Table Bay Harbour				
Cape Town	TABLE MOUNTAIN			Cape Town	TABLE MOUNTAIN	TABLE MOUNTAIN	
Cape Town	Table Mountain Nature Reserve	Cape Town	Table Mountain Nature Reserve				
South	TABLE MOUNTAIN_SP			South	TABLE MOUNTAIN_SP		
Blouberg	Table View	Blouberg	Table View	West Coast	TABLE VIEW	TABLE VIEW	
Mitchells Plain	Tafelsig	Mitchells Plain	Tafelsig	Mitchells Plain	TAFELSIG	TAFELSIG	
Cape Town	Tamboerskloof	Cape Town	Tamboerskloof	Cape Town	TAMBOERSKLOOF	TAMBOERSKLOOF	
Tygerberg	TECHNICAL COLLEGE			Tygerberg	TECHNICAL COLLEGE		
Khayelitsha	Tembani	Khayelitsha	Tembani				
Gordons Bay	Temperance Town	Gordons Bay	Temperance Town			TEMPERANCE TOWN	
Tygerberg	THALMAN			Tygerberg	THALMAN		
Bellville	Thalmen	Bellville	Thalmen				
Blue Downs	The Connifers	Blue Downs	The Connifers			THE CONIFERS	
Durbanville	The Crest	Durbanville	The Crest	North East	THE CREST	THE CREST	
Delft	The Hague	Delft	The Hague			THE HAGUE	
Noordhoek	The Lakes	Noordhoek	The Lakes				
Somerset West	The Links	Somerset West	The Links			THE LINK	
Strand	The Palms	Strand	The Palms				
Elsies Rivier	The Range	Elsies Rivier	The Range			THE RANGE	
	THE STABLES					THE STABLES	
Cape Town	The Vines(Constatia)	Cape Town	The Vines(Constatia)				
Somerset West	The Vines(Somerset West)	Somerset West	The Vines(Somerset West)				
Eerste Rivier	The Wines	Eerste Rivier	The Wines				
Khayelitsha	THEMBOKWEZI			Khayelitsha	THEMBOKWEZI	THEMBOKWEZI	
Goodwood	Thornton	Goodwood	Thornton	Cape Town	THORNTON	THORNTON	
Cape Town	Three Anchor Bay	Cape Town	Three Anchor Bay	Cape Town	THREE ANCHOR BAY	THREE ANCHOR BAY	
Hout Bay	Tierboskloof	Hout Bay	Tierboskloof				
Milnerton	Tijgerhof	Milnerton	Tijgerhof	West Coast	TIJGERHOF	TIJGERHOF	
Cape Town	Tokai	Cape Town	Tokai	South	TOKAI	TOKAI	
	TOTAL 					TOTAL 	
	TOTAL (Bulk Input)					TOTAL (Bulk Input)	
	TOTAL (CoCT)					TOTAL (CoCT)	
	TOTAL (Treated Effluent)					TOTAL (Treated Effluent)	
Khayelitsha	Town 3	Khayelitsha	Town 3				
Goodwood	Townsend Estate	Goodwood	Townsend Estate			TOWNSEND ESTATE	
Bellville	Transnet	Bellville	Transnet	Tygerberg	TRANSNET	TRANSNET MARSHALLING YARD	
	TRE DONNE					TRE DONNE	
	TREATED EFFLUENT					TREATED EFFLUENT	
Khayelitsha	Trevor Vilakazi	Khayelitsha	Trevor Vilakazi				
Bellville	Triangle Farm	Bellville	Triangle Farm	Tygerberg	TRIANGLE FARM	TRIANGLE FARM	
Cape Town	Turf Hall	Cape Town	Turf Hall				
Cape Town	Turf Hall Estate	Cape Town	Turf Hall Estate				
	TURTLE CREEK					TURTLE CREEK	
Blue Downs	Tuscany Glen	Blue Downs	Tuscany Glen			TUSCANY GLEN	
Tygerberg	TYG_UNKNOWN			Tygerberg	TYG_UNKNOWN		
Tygerberg	TYGER FARMS			Tygerberg	TYGER FARMS		
Bellville	Tygerberg Hospital	Bellville	Tygerberg Hospital	Tygerberg	TYGERBERG HOSPITAL	TYGERBERG HOSPITAL	
Tygerberg	Tygerberg NO_CATEGORY			Tygerberg	NO_CATEGORY		
Goodwood	Tygerdal	Goodwood	Tygerdal	Tygerberg	TYGERDAL	TYGERDAL	
North East	TYGERVALLEY			North East	TYGERVALLEY	TYGERVALLEY	
	TYGERVALLEY WATERFRONT					TYGERVALLEY WATERFRONT	
Parow	Uitsig	Parow	Uitsig				
	UITSIG					UITSIG	
Durbanville	Uitzicht	Durbanville	Uitzicht	North East	UITZICHT	UITZICHT	
Durbanville	Uitzicht Security Estate	Durbanville	Uitzicht Security Estate				
Khayelitsha	UMRHABULO TRIANGLE			Khayelitsha	UMRHABULO TRIANGLE	UMRHABULO TRIANGLE	
Bellville	Univerity of The Western Cape	Bellville	Univerity of The Western Cape				
Cape Town	University Estate	Cape Town	University Estate				
Cape Town	University of Cape Town	Cape Town	University of Cape Town				
	UNKNOWN				UNKNOWN	UNKNOWN	
Tygerberg	UWC			Tygerberg	UWC	UWC	
Cape Town	V & A Waterfront	Cape Town	V & A Waterfront				
Elsies Rivier	Valhalla	Elsies Rivier	Valhalla				
Matroosfontein	Valhalla Park	Matroosfontein	Valhalla Park	Tygerberg	VALHALLA PARK	VALHALLA PARK	
Durbanville	Valmary Park	Durbanville	Valmary Park	North East	VALMARY PARK	VALMARY PARK	
Strand	Van Der Stel	Strand	Van Der Stel			VAN DER STEL	
Bellville	Van Riebeeckshof	Bellville	Van Riebeeckshof	North East	VAN RIEBEECKSHOF	VAN RIEBEECKSHOF	
Melkbosstrand	Van Riebeeckstad	Melkbosstrand	Van Riebeeckstad				
Strand	Van Ryneveld	Strand	Van Ryneveld				
Athlone	Vanguard	Athlone	Vanguard	Cape Flats	VANGUARD	VANGUARD	
Goodwood	Vasco Estate	Goodwood	Vasco Estate			VASCO ESTATE	
Durbanville	Vergesig	Durbanville	Vergesig	North East	VERGESIG	VERGESIG	
Khayelitsha	Victoria Merge	Khayelitsha	Victoria Merge	Khayelitsha	VICTORIA MXENGE	VICTORIA MXENGE	
Somerset West	Victoria Park	Somerset West	Victoria Park			VICTORIA PARK	
Durbanville	Vierlanden	Durbanville	Vierlanden	North East	VIERLANDEN	VIERLANDEN	
Durbanville	Vierlanden Heights	Durbanville	Vierlanden Heights				
Durbanville	Vierlanden SH	Durbanville	Vierlanden SH				
Goodwood	Viking Park	Goodwood	Viking Park			VIKING VILLAGE	
Khayelitsha	Village V1 North	Khayelitsha	Village V1 North				
Khayelitsha	Village V1 South	Khayelitsha	Village V1 South				
Khayelitsha	Village V2 North	Khayelitsha	Village V2 North				
Khayelitsha	Village V3 North	Khayelitsha	Village V3 North				
Khayelitsha	Village V4 North	Khayelitsha	Village V4 North				
Kuils River	Voelvlei	Kuils River	Voelvlei			VOELVLEI	
Blackheath	Vogelvlei	Blackheath	Vogelvlei	Tygerberg	VOGELVLEI	VOGELVLEI	
Delft	Voorbrug	Delft	Voorbrug			VOORBRUG	
Bellville	Vosfontein	Bellville	Vosfontein			VREDEKLOOF	
Cape Town	Vredehoek	Cape Town	Vredehoek	Cape Town	VREDEHOEK	VREDEHOEK	
Brackenfell	Vredekloof	Brackenfell	Vredekloof				
	VREDEKLOOF EAST					VREDEKLOOF EAST	
Brackenfell	Vredekloof Glen	Brackenfell	Vredekloof Glen				
Brackenfell	Vredekloof Rand	Brackenfell	Vredekloof Rand				
Bellville	Vredelust	Bellville	Vredelust	Tygerberg	VREDELUST	VREDELUST BELLVILLE	
	VREDELUST KUIL RIVER					VREDELUST KUIL RIVER	
Bellville	Vredenberg	Bellville	Vredenberg	Tygerberg	VREDENBERG	VREDENBERG	
Brackenfell	Vredenkloof Heights	Brackenfell	Vredenkloof Heights			VREDEKLOOF HEIGHTS	
	VREDENZICHT				VREDENZICHT	VREDENZICHT	
Muizenberg	Vrygrond	Muizenberg	Vrygrond	Cape Town	VRYGROND	VRYGROND	
Muizenberg	Vrygrond Informal	Muizenberg	Vrygrond Informal				
Gugulethu	Vukuzenzele	Gugulethu	Vukuzenzele				
Durbanville	Vygeboom	Durbanville	Vygeboom	North East	VYGEBOOM	VYGEBOOM	
Durbanville	Wairoa	Durbanville	Wairoa	North East	WAIROA	WAIROA	
Kraaifontein	Wallacedene	Kraaifontein	Wallacedene			WALLACEDENE	
Cape Town	Walmer Estate	Cape Town	Walmer Estate				
Khayelitsha	Washington Square	Khayelitsha	Washington Square				
North East	WATERFRONT			North East	WATERFRONT		
North East	WATERKLOOF DE BRON EXT 44			North East	WATERKLOOF DE BRON EXT 44	WATERKLOOF, DE BRON EXT 44	
Mitchells Plain	Wavecrest	Mitchells Plain	Wavecrest				
	WEDDERWILL ESTATE					WEDDERWILL ESTATE	
Athlone	Welcome	Athlone	Welcome	Cape Flats	WELCOME	WELCOME	
Simon's Town	Welcome Glen	Simon's Town	Welcome Glen				
Bellville	Welgedacht	Bellville	Welgedacht	North East	WELGEDACHT	WELGEDACHT	
Tygerberg	WELGELEGEN			Tygerberg	WELGELEGEN	WELGELEGEN	
Parow	Welgelegen1	Parow	Welgelegen1				
Parow	Welgelegen2	Parow	Welgelegen2				
Parow	Welgelegen3	Parow	Welgelegen3				
Bellville	Welgemoed	Bellville	Welgemoed	North East	WELGEMOED	WELGEMOED	
Bellville	Welgemoed Greens	Bellville	Welgemoed Greens				
Durbanville	Welgevonden	Durbanville	Welgevonden	North East	WELGEVONDEN	WELGEVONDEN	
Durbanville	Wellway Park	Durbanville	Wellway Park	North East	WELLWAY PARK	WELLWAY PARK	
Durbanville	Wellway Park East	Durbanville	Wellway Park East	North East	WELLWAY PARK EAST	WELLWAY PARK EAST	
	WELMOED CEMETERY					WELMOED CEMETERY	
Strand	Weltevreden	Strand	Weltevreden				
Mitchells Plain	Weltevreden Valley	Mitchells Plain	Weltevreden Valley	Mitchells Plain	WELTEVREDEN VALLEY	WELTEVREDEN VALLEY	
Philippi	Weltevreden Valley North 1	Philippi	Weltevreden Valley North 1				
Philippi	Weltevreden Valley North 2	Philippi	Weltevreden Valley North 2				
Blackheath	Wembley Park	Blackheath	Wembley Park			WEMBLEY PARK	
Blue Downs	Wesbank	Blue Downs	Wesbank			WESBANK	
Atlantis	Wesfleur SP1	Atlantis	Wesfleur SP1			WESFLEUR	
Atlantis	Wesfleur SP2	Atlantis	Wesfleur SP2			WESFLEUR	
Blouberg	West Beach	Blouberg	West Beach	West Coast	WEST BEACH	WEST BEACH	
West Coast	WEST COAST FARMS			West Coast	WEST COAST FARMS		
West Coast	West Coast NE_UNKNOWN			West Coast	West Coast NE_UNKNOWN		
West Coast	West Coast NO_CATEGORY			West Coast	West Coast NO_CATEGORY	West Coast NO_CATEGORY	
South	WEST LAKE			South	WEST LAKE		
Blouberg	West Riding	Blouberg	West Riding	West Coast	WEST RIDING	WEST RIDING	
	WESTERDALE					WESTERDALE	
Mitchells Plain	Westgate	Mitchells Plain	Westgate			WESTGATE	
Cape Town	Westlake 1	Cape Town	Westlake 1			WESTLAKE	
Mitchells Plain	Westridge(Mitchells Plain)	Mitchells Plain	Westridge(Mitchells Plain)	Mitchells Plain	WESTRIDGE	WESTRIDGE	
Somerset West	Westridge(Somerset West)	Somerset West	Westridge(Somerset West)				
Cape Town	Wetton	Cape Town	Wetton	Cape Flats	WETTON	WETTON	
	WILDWOOD					WILDWOOD	
	WIMBLEDON ESTATE					WIMBLEDON ESTATE	
Blackheath	Wimbledon Estate 1	Blackheath	Wimbledon Estate 1			WINDSOR ESTATE	
Cape Town	Windermere	Cape Town	Windermere	Cape Town	WINDERMERE	WINDERMERE	
Kraaifontein	Windsor Park	Kraaifontein	Windsor Park				
Kraaifontein	Windsor Park Estate	Kraaifontein	Windsor Park Estate			WINDSOR PARK ESTATE	
Simon's Town	Winford	Simon's Town	Winford				
Helderberg	WINGERD			Helderberg	WINGERD		
Goodwood	Wingfield	Goodwood	Wingfield	Cape Town	WINGFIELD	WINGFIELD	
Gordons Bay	Winslow	Gordons Bay	Winslow			WINSLOW	
Strand	Winston Estate	Strand	Winston Estate				
Atlantis	Witsand Informal	Atlantis	Witsand Informal			WITSAND	
Cape Town	Witteboomen	Cape Town	Witteboomen				
Mitchells Plain	WOLFGAT NATURE RESERVE			Mitchells Plain	WOLFGAT NATURE RESERVE	WOLFGAT NATURE RESERVE	
Milnerton	Woodbridge Island	Milnerton	Woodbridge Island				
Mitchells Plain	Woodlands(Mitchells Plain)	Mitchells Plain	Woodlands(Mitchells Plain)	Mitchells Plain	WOODLANDS	WOODLANDS	
Simon's Town	Woodlands(Simon's Town)	Simon's Town	Woodlands(Simon's Town)				
Cape Town	Woodstock	Cape Town	Woodstock	Cape Town	WOODSTOCK_CT	WOODSTOCK	
	WORLD'S VIEW					WORLD'S VIEW	
	WP PARK					WP PARK	
Tygerberg	WP SHOWGROUNDS			Tygerberg	WP SHOWGROUNDS	WP SHOWGROUNDS	
Cape Town	Wynberg	Cape Town	Wynberg	South	WYNBERG	WYNBERG	
South	WYNBERG NU			South	WYNBERG NU	WYNBERG NU	
	WYNLAND INDUSTRIAL PARK					WYNLAND INDUSTRIAL PARK	
Cape Town	Yorkshire Estate	Cape Town	Yorkshire Estate				
Cape Town	Youngsfield	Cape Town	Youngsfield				
West Coast	YSTERPLAAT			West Coast	YSTERPLAAT	YSTERPLAAT	
Milnerton	Ysterplaat Airbase	Milnerton	Ysterplaat Airbase				
Somerset West	Zandberg	Somerset West	Zandberg				
Grassy Park	Zeekoei Vlei	Grassy Park	Zeekoei Vlei	Cape Flats	ZEEKOEIVLEI	ZEEKOEIVLEI	
Kuils River	Zevendal	Kuils River	Zevendal			ZEVENDAL	
	ZEVENWACHT COUNTRY ESTATE					ZEVENWACHT COUNTRY ESTATE	
	ZEVENWACHT FARM VILLAGE					ZEVENWACHT FARM VILLAGE	
	ZEVENWACHT MALL					ZEVENWACHT MALL	
	ZEVENWACHT RETIREMENT VILLAGE					ZEVENWACHT RETIREMENT VILLAGE	
Kuils River	Zevenwacht	Kuils River	Zevenwacht				
Kuils River	Zevenzicht	Kuils River	Zevenzicht			ZEVENZICHT	
Gugulethu	Zondi	Gugulethu	Zondi				
Cape Town	Zonnebloem	Cape Town	Zonnebloem	Cape Town	ZONNEBLOEM_CT	ZONNEBLOEM	
Kraaifontein	Zoo Park	Kraaifontein	Zoo Park			ZOO PARK	
Athlone	Zwartdam	Athlone	Zwartdam				
	Franschoek						Franschoek
	Grabouw						Grabouw